year;title;author_lastname;author_firstname;gender;pub_year;pub_year_clean;fantasy;epoch;BW;BY;BE;BB;HB;HH;HE;MV;NI;NW;RP;SL;SN;ST;SH;TH
2026;…liner Roma…;Ringelnatz;Joachim;m;1924;1924;0;Weimarer Klassik;;;;;;;;;1;;;;;;;
2013;Abendstimmung in Scheveningen;Keun;Irmgard;f;1940;1940;0;Exilliteratur;;;;;;1;;;;;;;;;;
2014;Abendstimmung in Scheveningen;Keun;Irmgard;f;1940;1940;0;Exilliteratur;;;;;;1;;;;;;;;;;
2010;Abschied von den Eltern;Weiss;Peter;m;1961;1961;0;Gegenwartsliteratur;;;;;;1;;;;;;;;;;
2012;Ach Liebste / laß uns eilen;Opitz;Martin;m;1624;1624;0;Barock;;;;;;;;;1;;;;;;;
2017;Agnes;Stamm;Peter;m;1998;1998;0;Postmoderne;1;;;;;;;;;;;;;;;
2018;Agnes;Stamm;Peter;m;1998;1998;0;Postmoderne;1;;;;;;;;;;;;;;;
2007;An die Nachgeborenen;Brecht;Bertolt;m;1939;1939;0;Exilliteratur;;;;;;;;;1;;;;;;;
2011;Anekdote aus dem letzten preußischen Kriege;Kleist;Heinrich;m;1810;1810;0;Weimarer Klassik, Romantik;;;;;;;;;1;;;;;;;
2009;Ansichten eines Clowns;Böll;Heinrich;m;1963;1963;0;Nachkriegsliteratur;;;;;;1;;;;;;;;;;
2010;Antigone;Anouilh;Jean;m;1946;1946;0;Moderne;;;;;;;;;;;;;1;;;
2011;Antigone;Anouilh;Jean;m;1946;1946;0;Moderne;;;;;;;;;;;;;1;;;
2012;Antigone;Anouilh;Jean;m;1946;1946;0;Moderne;;;;;;;;;;;;;1;;;
2013;Antigone;Anouilh;Jean;m;1946;1946;0;Moderne;;;;;;;;;;;;;1;;;
2014;Antigone;Anouilh;Jean;m;1946;1946;0;Moderne;;;;;;;;;;;;;1;;;
2015;Antigone;Anouilh;Jean;m;1946;1946;0;Moderne;;;;;;;;;;;;;1;;;
2016;Antigone;Anouilh;Jean;m;1946;1946;0;Moderne;;;;;;;;;;;;;1;;;
2006;Antigone;Sophokles;nan;m;442 BC;0;0;Antike;;;;1;;;;;;;;;1;;;
2007;Antigone;Sophokles;nan;m;442 BC;0;0;Antike;;;;;;;;;;;;;1;;;
2009;Antigone;Sophokles;nan;m;442 BC;0;0;Antike;;;;;;;;;;;;;1;;;
2010;Antigone;Sophokles;nan;m;442 BC;0;0;Antike;;;;;;;;;;;;;1;;;
2011;Antigone;Sophokles;nan;m;442 BC;0;0;Antike;;;;;;;;;;;;;1;;;
2012;Antigone;Sophokles;nan;m;442 BC;0;0;Antike;;;;;;;;;;;;;1;;;
2013;Antigone;Sophokles;nan;m;442 BC;0;0;Antike;;;;;;;;;;;;;1;;;
2014;Antigone;Sophokles;nan;m;442 BC;0;0;Antike;;;;;;;;;;;;;1;;;
2015;Antigone;Sophokles;nan;m;442 BC;0;0;Antike;;;;;;;;;;;;;1;;;
2016;Antigone;Sophokles;nan;m;442 BC;0;0;Antike;;;;;;;;;;;;;1;;;
2026;Über das Marionettentheater;Kleist;Heinrich;m;1810;1810;0;Klassisk, Romantik, Weimarer Republik;;;;;;;;;1;;;;;;;
2021;Über die ästetische Erziehung der Menschen in einer Reihe von Briefen;Schiller;Friedrich;m;1795;1795;0;Weimarer Klassik;;;;;;;;;1;;;;;;;
2013;Über die Bezeichnung Emigranten;Brecht;Bertolt;m;1937;1937;0;Exilliteratur;;;;;;1;;;;;;;;;;
2014;Über die Bezeichnung Emigranten;Brecht;Bertolt;m;1937;1937;0;Exilliteratur;;;;;;1;;;;;;;;;;
2023;Appell an den Geist;Mühsam;Erich;m;1911;1911;0;Romantik, Moderne;;;;;;;;;1;;;;;;;
2010;Aus dem Leben eines Taugenichts;Eichendorff;Joseph;m;1826;1826;0;Romantik;;;;;1;;;;;;;;;;;
2011;Aus dem Leben eines Taugenichts;Eichendorff;Joseph;m;1826;1826;0;Romantik;;;;;;1;;;;;;;;;;
2015;Aus dem Leben eines Taugenichts;Eichendorff;Joseph;m;1826;1826;0;Romantik;;;;;1;;;;;;;;;;;
2016;Aus dem Leben eines Taugenichts;Eichendorff;Joseph;m;1826;1826;0;Romantik;;;;;1;;;;;;;;;;;
2017;Aus dem Leben eines Taugenichts;Eichendorff;Joseph;m;1826;1826;0;Romantik;;;;;1;;;;;;;;;;;
2019;Aus dem Leben eines Taugenichts;Eichendorff;Joseph;m;1826;1826;0;Romantik;;;;;;;1;;;;;;;;;
2020;Aus dem Leben eines Taugenichts;Eichendorff;Joseph;m;1826;1826;0;Romantik;;;;;;;1;;;;;;;;;
2021;Aus dem Leben eines Taugenichts;Eichendorff;Joseph;m;1826;1826;0;Romantik;;;;;;;1;;;;;;;;;
2006;Bahnwärter Thiel;Hauptmann;Gerhart;m;1888;1888;0;Naturalismus;;;;;;;;;;;;;1;;;
2007;Bahnwärter Thiel;Hauptmann;Gerhart;m;1888;1888;0;Naturalismus;;;;;;;;;;;;;1;;;
2017;Bahnwärter Thiel;Hauptmann;Gerhart;m;1888;1888;0;Naturalismus;;;;;;1;;;;;;;;;;
2018;Bahnwärter Thiel;Hauptmann;Gerhart;m;1888;1888;0;Naturalismus;;;;;;1;;;;;;;;;;
2024;Bahnwärter Thiel;Hauptmann;Gerhart;m;1888;1888;0;Naturalismus;;;;;;;;;;;;1;;;;
2025;Bahnwärter Thiel;Hauptmann;Gerhart;m;1888;1888;0;Naturalismus;;;;;;;;;1;;;;;;;
2026;Bahnwärter Thiel;Hauptmann;Gerhart;m;1888;1888;0;Naturalismus;;;;;;;;;;;;1;;;;
2012;Bei den weißen Stiefmütterchen;Kirsch;Sarah;f;1967;1967;0;Moderne;;;;;;;;;1;;;;;;;
2008;Bekenntnisse des Hochstaplers Felix Krull;Mann;Thomas;m;1922;1922;0;Moderne;;;;;;;;;1;;;;;;;
2011;Bekenntnisse des Hochstaplers Felix Krull;Mann;Thomas;m;1922;1922;0;Moderne;;;;;;1;;;;;;;;;;
2012;Bekenntnisse des Hochstaplers Felix Krull;Mann;Thomas;m;1922;1922;0;Moderne;;;;;;1;;;;;;;;;;
2023;Bekenntnisse des Hochstaplers Felix Krull;Mann;Thomas;m;1922;1922;0;Moderne;1;;;;;;;;;;;;;;;
2014;Berlin Alexanderplatz;Döblin;Alfred;m;1929;1929;0;Weimarer Republik;;;;;1;;;;;;;;;;;
2015;Berlin Alexanderplatz;Döblin;Alfred;m;1929;1929;0;Weimarer Republik;;;;;1;;;;;;;;;;;
2016;Berlin Alexanderplatz;Döblin;Alfred;m;1929;1929;0;Weimarer Republik;;;;;1;;;;;;;;;;;
2020;Berlin Alexanderplatz;Döblin;Alfred;m;1929;1929;0;Weimarer Republik;;;;;;;;;1;;;;;;;
2022;Blüthenstaub;Hardenberg;Friedrich;m;1798;1798;0;Frühromantik;;;;;;;;;1;;;;;;;
2021;Brief an den Prinzen friedrich Christian II;Schiller;Friedrich;m;1795;1795;0;Weimarer Klassik;;;;;;;;;1;;;;;;;
2006;Brief des Lord Chandos;Hofmannsthal;Hugo;m;1902;1902;0;Moderne;;;;;;;;;1;;;;;;;
2007;Brief des Lord Chandos;Hofmannsthal;Hugo;m;1902;1902;0;Moderne;;;;;;;;;1;;;;;;;
2013;Brief des Lord Chandos;Hofmannsthal;Hugo;m;1902;1902;0;Moderne;;;;;;;1;;;1;;;;;;
2014;Brief des Lord Chandos;Hofmannsthal;Hugo;m;1902;1902;0;Moderne;;;;;;;1;;;1;;;;;;
2015;Brief des Lord Chandos;Hofmannsthal;Hugo;m;1902;1902;0;Moderne;;;;;;;;;;1;;;;;;
2016;Brief des Lord Chandos;Hofmannsthal;Hugo;m;1902;1902;0;Moderne;;;;;;;;;;1;;;;;;
2023;Bruder Hitler;Mann;Thomas;m;1939;1939;0;Moderne;;;;;;;;;1;;;;;;;
2007;Buddenbrooks;Mann;Thomas;m;1901;1901;0;Moderne;;;;;;;1;;;;;;;;;
2008;Buddenbrooks;Mann;Thomas;m;1901;1901;0;Moderne;;;;;;1;1;;;;;;;;;
2009;Buddenbrooks;Mann;Thomas;m;1901;1901;0;Moderne;;;;;;;1;;;;;;;;;
2010;Buddenbrooks;Mann;Thomas;m;1901;1901;0;Moderne;;;;;;;1;;;;;;;;;
2013;Buddenbrooks;Mann;Thomas;m;1901;1901;0;Moderne;;;;;;;;;;1;;;;;;
2014;Buddenbrooks;Mann;Thomas;m;1901;1901;0;Moderne;;;;;;;;;;1;;;;;;
2013;Corpus Delicti;Zeh;Juli;f;2009;2009;0;Gegenwartsliteratur;;;;;;;;;;;;;1;;;
2014;Corpus Delicti;Zeh;Juli;f;2009;2009;0;Gegenwartsliteratur;;;;;;;;;;;;;1;;;
2015;Corpus Delicti;Zeh;Juli;f;2009;2009;0;Gegenwartsliteratur;;;;;;;;;;;;;1;;;
2016;Corpus Delicti;Zeh;Juli;f;2009;2009;0;Gegenwartsliteratur;;;;;;;;;;;;;1;;;
2017;Corpus Delicti;Zeh;Juli;f;2009;2009;0;Gegenwartsliteratur;;;;;;;;;;;;;1;;;
2018;Corpus Delicti;Zeh;Juli;f;2009;2009;0;Gegenwartsliteratur;;;;;;;;;;;;;1;;;
2019;Corpus Delicti;Zeh;Juli;f;2009;2009;0;Gegenwartsliteratur;;;;;;;1;;;;;;1;;;
2020;Corpus Delicti;Zeh;Juli;f;2009;2009;0;Gegenwartsliteratur;;;;;1;;1;;;;;;1;;;
2021;Corpus Delicti;Zeh;Juli;f;2009;2009;0;Gegenwartsliteratur;;;;;1;;1;;;;;;1;;;
2022;Corpus Delicti;Zeh;Juli;f;2009;2009;0;Gegenwartsliteratur;;;;;1;;1;;;;;1;1;;;
2023;Corpus Delicti;Zeh;Juli;f;2009;2009;0;Gegenwartsliteratur;1;;1;1;;;1;;;;;;1;;;
2023;Corpus Delicti;Zeh;Juli;f;2009;2009;0;Gegenwartsliteratur;;;;;;;;;;;;1;;;;
2024;Corpus Delicti;Zeh;Juli;f;2009;2009;0;Gegenwartsliteratur;1;;1;1;;;1;;;;;;1;;;
2025;Corpus Delicti;Zeh;Juli;f;2009;2009;0;Gegenwartsliteratur;1;;1;1;;;;;;;;;;;;
2026;Corpus Delicti;Zeh;Juli;f;2009;2009;0;Gegenwartsliteratur;1;;;;;;;;;;;1;;;;
2008;Dantons Tod;Büchner;Georg;m;1835;1835;0;Vormärz;;;;;;1;;;;;;;;;;
2009;Dantons Tod;Büchner;Georg;m;1835;1835;0;Vormärz;;;;;1;;;;;;;;;;;
2010;Dantons Tod;Büchner;Georg;m;1835;1835;0;Vormärz;;;;;1;;;;;;;;;;;
2017;Dantons Tod;Büchner;Georg;m;1835;1835;0;Vormärz;1;;;;;;;;1;;;;;;;
2018;Dantons Tod;Büchner;Georg;m;1835;1835;0;Vormärz;1;;;;;;;;;;;;;;;
2011;Das Erdbeben in Chili;Kleist;Heinrich;m;1807;1807;0;Weimarer Klassik, Romantik;;;;;;;;;1;;;;;;;
2008;Das Feuer;Barbusse;Henri;m;1916;1916;0;Kriegsliteratur;;;;;1;;;;;;;;;;;
2009;Das Feuer;Barbusse;Henri;m;1916;1916;0;Kriegsliteratur;;;;;1;;;;;;;;;;;
2006;Das Göttliche;Goethe;Johann Wolfgang;m;1785;1785;0;Weimarer Klassik;;;;;;;;;1;;;;;;;
2023;Das Göttliche;Goethe;Johann Wolfgang;m;1785;1785;0;Weimarer Klassik;;;;;;;;;;;;;;;1;
2024;Das Göttliche;Goethe;Johann Wolfgang;m;1785;1785;0;Weimarer Klassik;;;;;;;;;;;;;;;1;
2025;Das Göttliche;Goethe;Johann Wolfgang;m;1785;1785;0;Weimarer Klassik;;;;;;;;;;;;;;;1;
2026;Das Göttliche;Goethe;Johann Wolfgang;m;1785;1785;0;Weimarer Klassik;;;;;;;;;;;;;;;1;
2019;Das Haus in der Dorotheenstraße;Lange;Hartmut;m;2013;2013;0;Gegenwartsliteratur;;;;;;;;;;1;;;;;;
2020;Das Haus in der Dorotheenstraße;Lange;Hartmut;m;2013;2013;0;Gegenwartsliteratur;;;;;;;;;;1;;;;;;
2021;Das Haus in der Dorotheenstraße;Lange;Hartmut;m;2013;2013;0;Gegenwartsliteratur;;;;;;;;;;1;;;;;;
2006;Das kunstseidene Mädchen;Keun;Irmgard;f;1932;1931;0;Neue Sachlichkeit;;;;;;;;;1;;;;;;;
2025;Das kunstseidene Mädchen;Keun;Irmgard;f;1931/32;1931;0;Neue Sachlichkeit;;;;;;1;;;;;;;;;;
2026;Das kunstseidene Mädchen;Keun;Irmgard;f;1931/32;1931;0;Neue Sachlichkeit;;;;;;1;;;1;;;;;;;
2007;Das Marmorbild;Eichendorff;Joseph;m;1819;1819;1;Romantik;;;;;;;1;;;;;;;;;
2008;Das Marmorbild;Eichendorff;Joseph;m;1819;1819;1;Romantik;;;;;;;1;;;;;;;;;
2009;Das Marmorbild;Eichendorff;Joseph;m;1819;1819;1;Romantik;;;;;;;;;1;;;;;;;
2021;Das Marmorbild;Eichendorff;Joseph;m;1819;1819;1;Romantik;1;;;;;;;;;;;;;;;
2022;Das Marmorbild;Eichendorff;Joseph;m;1819;1819;1;Romantik;1;;1;1;;;;;;;;;;;;
2023;Das Marmorbild;Eichendorff;Joseph;m;1819;1819;1;Romantik;1;;;;;;;;;;;;;;;
2024;Das Marmorbild;Eichendorff;Joseph;m;1819;1819;1;Romantik;1;;;;;;;;;;;;;;;
2025;Das Marmorbild;Eichendorff;Joseph;m;1819;1819;1;Romantik;1;;;;;;;;;;;;;;;
2010;Das Muschelessen;Vanderbeke;Birgit;f;1990;1990;0;Postmoderne;;;;;;1;;;;;;;;;;
2013;Das Parfum;Süskind;Patrick;m;1985;1985;1;Postmoderne;;;;;;;1;;;;;;;;;
2014;Das Parfum;Süskind;Patrick;m;1985;1985;1;Postmoderne;;;;;;;1;;;;;;;;;
2015;Das Parfum;Süskind;Patrick;m;1985;1985;1;Postmoderne;;;;;;;1;;;;;;;;;
2016;Das Parfum;Süskind;Patrick;m;1985;1985;1;Postmoderne;;;;;;;1;;;;;;;;;
2017;Das Parfum;Süskind;Patrick;m;1985;1985;1;Postmoderne;;;;;;;1;;;;;;;;;
2018;Das Parfum;Süskind;Patrick;m;1985;1985;1;Postmoderne;;;;;;;1;;;;;;;;;
2014;Das Schloss;Kafka;Franz;m;1926;1926;0;Expressionismus;;;;;1;;;;;;;;;;;
2015;Das Schloss;Kafka;Franz;m;1926;1926;0;Expressionismus;;;;;1;;;;;;;;;;;
2016;Das Schloss;Kafka;Franz;m;1926;1926;0;Expressionismus;;;;;1;;;;;;;;;;;
2022;Das Schloss Dürande;Eichendorff;Joseph;m;1837;1837;0;Romantik;;;1;1;;;;;;;;;;;;
2011;Das Urteil;Kafka;Franz;m;1913;1913;0;Expressionismus, Postmoderne;;;;;;;1;;;;;;;;;
2012;Das Urteil;Kafka;Franz;m;1913;1913;0;Expressionismus, Postmoderne;;;;;;;1;;;;;;;;;
2013;Das Urteil;Kafka;Franz;m;1913;1913;0;Expressionismus, Postmoderne;;;;;;;1;;;;;;;;;
2017;Der Augsburger Kreidekreis;Brecht;Bertolt;m;1948;1948;0;Exilliteratur;;;;;1;;;;;;;;;;;
2018;Der Augsburger Kreidekreis;Brecht;Bertolt;m;1948;1948;0;Exilliteratur;;;;;1;;;;;;;;;;;
2019;Der Augsburger Kreidekreis;Brecht;Bertolt;m;1948;1948;0;Exilliteratur;;;;;1;;;;;;;;;;;
2007;Der Besuch der alten Dame;Dürrenmatt;Friedrich;m;1956;1956;0;Nachkriegsliteratur;;;;;;;;;;;;;1;;;
2009;Der Besuch der alten Dame;Dürrenmatt;Friedrich;m;1956;1956;0;Nachkriegsliteratur;;;;;;;;;;;;;1;;;
2010;Der Besuch der alten Dame;Dürrenmatt;Friedrich;m;1956;1956;0;Nachkriegsliteratur;;;;;;;;;;;;;1;;;
2011;Der Besuch der alten Dame;Dürrenmatt;Friedrich;m;1956;1956;0;Nachkriegsliteratur;;;;;;;;;;;;;1;;;
2012;Der Besuch der alten Dame;Dürrenmatt;Friedrich;m;1956;1956;0;Nachkriegsliteratur;;;;;;;;;;;;;1;;;
2013;Der Besuch der alten Dame;Dürrenmatt;Friedrich;m;1956;1956;0;Nachkriegsliteratur;;;;;;;;;;;;;1;;;
2014;Der Besuch der alten Dame;Dürrenmatt;Friedrich;m;1956;1956;0;Nachkriegsliteratur;;;;;;;;;;;;;1;;;
2015;Der Besuch der alten Dame;Dürrenmatt;Friedrich;m;1956;1956;0;Nachkriegsliteratur;;;;;;;;;;;;;1;;;
2016;Der Besuch der alten Dame;Dürrenmatt;Friedrich;m;1956;1956;0;Nachkriegsliteratur;;;;;;;;;;;;;1;;;
2017;Der Besuch der alten Dame;Dürrenmatt;Friedrich;m;1956;1956;0;Nachkriegsliteratur;;;;;;;;;;;;;1;;;
2018;Der Besuch der alten Dame;Dürrenmatt;Friedrich;m;1956;1956;0;Nachkriegsliteratur;;;;;;;;;;;;;1;;;
2019;Der Besuch der alten Dame;Dürrenmatt;Friedrich;m;1956;1956;0;Nachkriegsliteratur;;;;;;;;;;;;;1;;;
2020;Der Besuch der alten Dame;Dürrenmatt;Friedrich;m;1956;1956;0;Nachkriegsliteratur;;;;;;;;;;;;;1;;;
2021;Der Besuch der alten Dame;Dürrenmatt;Friedrich;m;1956;1956;0;Nachkriegsliteratur;;;;;;;;;;;;;1;;;
2022;Der Besuch der alten Dame;Dürrenmatt;Friedrich;m;1956;1956;0;Nachkriegsliteratur;;;;;;;;;;;;;1;;;
2023;Der Besuch der alten Dame;Dürrenmatt;Friedrich;m;1956;1956;0;Nachkriegsliteratur;;;;;;;;;;;;;1;;;
2024;Der Besuch der alten Dame;Dürrenmatt;Friedrich;m;1956;1956;0;Nachkriegsliteratur;;;;;;;;;;;;;1;;;
2025;Der Besuch der alten Dame;Dürrenmatt;Friedrich;m;1956;1956;0;Nachkriegsliteratur;;;;;;;;;;;;;1;;;
2026;Der Besuch der alten Dame;Dürrenmatt;Friedrich;m;1956;1956;0;Nachkriegsliteratur;;;;;;;;;;;;;1;;;
2010;Der blonde Eckbert;Tieck;Ludwig;m;1797;1797;1;Romantik;;;;;;;;;;;;;1;;;
2011;Der blonde Eckbert;Tieck;Ludwig;m;1797;1797;1;Romantik;;;;;;;;;;;;;1;;;
2012;Der blonde Eckbert;Tieck;Ludwig;m;1797;1797;1;Romantik;;;;;;;;;;;;;1;;;
2025;Der ewige Spießer;Horváth;Ödön;m;1930;1930;0;Neue Sachlichkeit;;;;;;;;;1;;;;;;;
2012;Der Findling;Kleist;Heinrich;m;1811;1811;0;Romantik;;;;;;1;;;;;;;;;;
2019;Der goldne Topf;Hoffmann;E.T.A.;m;1814;1814;1;Romantik;1;;;;;;;;;;;;;;;
2020;Der goldne Topf;Hoffmann;E.T.A.;m;1814;1814;1;Romantik;1;;;;;;;;;;;;;;;
2021;Der goldne Topf;Hoffmann;E.T.A.;m;1814;1814;1;Romantik;1;;;;;;;;;;;;;;;
2022;Der goldne Topf;Hoffmann;E.T.A.;m;1814;1814;1;Romantik;1;;;;;;;;1;;;;;;;
2021;Der gute Gott von Manhattan;Bachmann;Ingeborg;f;1957;1957;0;Literatur von 1945-1989 in der BRD;1;;;;;;;;;;;;;;;
2017;Der gute Mensch von Sezuan;Brecht;Bertolt;m;1943;1943;0;Exilliteratur;;;;;1;;;;;;;;;;;
2018;Der gute Mensch von Sezuan;Brecht;Bertolt;m;1943;1943;0;Exilliteratur;;;;;1;;;;;;;;;;;
2019;Der gute Mensch von Sezuan;Brecht;Bertolt;m;1943;1943;0;Exilliteratur;;;;;1;;;;;;;;;;;
2021;Der Hessische Landbote;Büchner;Georg;m;1834;1834;0;Vormärz;;;;;1;;;;;;;;;;;
2022;Der Hessische Landbote;Büchner;Georg;m;1834;1834;0;Vormärz;;;;;1;;;;;;;;;;;
2023;Der Hessische Landbote;Büchner;Georg;m;1834;1834;0;Vormärz;;;;;1;;;;;;;;;;;
2025;Der Hessische Landbote;Büchner;Georg;m;1834;1834;0;Vormärz;;;;;;;;;1;;;;;;;
2010;Der Hofmeister;Lenz;Jakob Michael Reinhold;m;1774;1774;0;Sturm und Drang;;;;;;1;;;;;;;;;;
2022;Der Philister vor, in und nach der Geschichte;Brentano;Clemens;m;1811;1811;0;Romantik;;;;;;;;;1;;;;;;;
2013;Der Process;Kafka;Franz;m;1925;1925;0;Moderne;;;;;;;;;;;;;1;;;
2014;Der Process;Kafka;Franz;m;1925;1925;0;Moderne;;;;;1;;1;;;;;;1;;;
2015;Der Process;Kafka;Franz;m;1925;1925;0;Moderne;;;;;1;;1;;;1;;;1;;;
2016;Der Process;Kafka;Franz;m;1925;1925;0;Moderne;;;;;1;;1;;;1;;;1;;;
2017;Der Process;Kafka;Franz;m;1925;1925;0;Moderne;;;;;;;1;;;1;;;;;;
2018;Der Process;Kafka;Franz;m;1925;1925;0;Moderne;;;;;;;1;;;1;;;;;;
2026;Der Process;Kafka;Franz;m;1925;1925;0;Moderne;;;;;;;1;;;;;;;;;
2023;Der Russe ist einer, der Birken liebt;Grjasnowa;Olga;f;2012;2012;0;Gegenwartsliteratur;;;;;1;;;;;;;;;;;
2024;Der Russe ist einer, der Birken liebt;Grjasnowa;Olga;f;2012;2012;0;Gegenwartsliteratur;;;;;1;;;;;;;;;;;
2025;Der Russe ist einer, der Birken liebt;Grjasnowa;Olga;f;2012;2012;0;Gegenwartsliteratur;;;;;1;;;;;;;;;;;
2006;Der Sandmann;Hoffmann;E.T.A.;m;1816;1816;1;Romantik;;;;;;;;;;;;;1;;;
2007;Der Sandmann;Hoffmann;E.T.A.;m;1816;1816;1;Romantik;;;;;;;1;;;;;;;;;
2008;Der Sandmann;Hoffmann;E.T.A.;m;1816;1816;1;Romantik;;;;;;;1;;;;;;;;;
2009;Der Sandmann;Hoffmann;E.T.A.;m;1816;1816;1;Romantik;;;;;;;1;;;;;;;;;
2010;Der Sandmann;Hoffmann;E.T.A.;m;1816;1816;1;Romantik;;;;;;;1;;;;;;;;;
2015;Der Sandmann;Hoffmann;E.T.A.;m;1816;1816;1;Romantik;;;;;1;;;;;;;;;;;
2016;Der Sandmann;Hoffmann;E.T.A.;m;1816;1816;1;Romantik;;;;;1;;1;;;;;;;;;
2017;Der Sandmann;Hoffmann;E.T.A.;m;1816;1816;1;Romantik;;;;;1;;1;;;;;;;;;
2018;Der Sandmann;Hoffmann;E.T.A.;m;1816;1816;1;Romantik;;;;;;;1;;;;;;;;;
2019;Der Sandmann;Hoffmann;E.T.A.;m;1816;1816;1;Romantik;;;;;;;;;;1;;;;;;
2020;Der Sandmann;Hoffmann;E.T.A.;m;1816;1816;1;Romantik;;;;;;;;;;1;;;;;;
2021;Der Sandmann;Hoffmann;E.T.A.;m;1816;1816;1;Romantik;;;;;;;;;;1;;;;;;
2022;Der Sandmann;Hoffmann;E.T.A.;m;1816;1816;1;Romantik;;;;;;;1;;;;;;;;;
2023;Der Sandmann;Hoffmann;E.T.A.;m;1816;1816;1;Romantik;;;;;;;;;;;;;1;;;
2025;Der Sandmann;Hoffmann;E.T.A.;m;1816;1816;1;Romantik;;;;;;;1;;;;;;;;;
2026;Der Sandmann;Hoffmann;E.T.A.;m;1816;1816;1;Romantik;;;;;;;;;;;;;1;;;
2010;Der Sonntag, an dem ich Weltmeister wurde;Delius;Friedrich Christian;m;1994;1994;0;Gegenwartsliteratur;;;;;;1;;;;;;;;;;
2009;Der Spinnerin Nachtlied;Brentano;Clemens;m;1802;1802;0;Romantik;;;;;;;;;1;;;;;;;
2012;Der Spinnerin Nachtlied;Brentano;Clemens;m;1802;1802;0;Romantik;;;;;;;;;1;;;;;;;
2007;Der Steppenwolf;Hesse;Hermann;m;1927;1927;0;Expressionismus;;;;;;;;;;;;;1;;;
2009;Der Steppenwolf;Hesse;Hermann;m;1927;1927;0;Expressionismus;;;;;;;;;;;;;1;;;
2010;Der Steppenwolf;Hesse;Hermann;m;1927;1927;0;Expressionismus;;;;;;;;;;;;;1;;;
2011;Der Steppenwolf;Hesse;Hermann;m;1927;1927;0;Expressionismus;;;;;;;;;;;;;1;;;
2012;Der Steppenwolf;Hesse;Hermann;m;1927;1927;0;Expressionismus;;;;;;;;;;;;;1;;;
2019;Der Steppenwolf;Hesse;Hermann;m;1927;1927;0;Expressionismus;1;;;;;;;;;;;;;;;
2020;Der Steppenwolf;Hesse;Hermann;m;1927;1927;0;Expressionismus;1;;;;;;;;;;;;;;;
2021;Der Steppenwolf;Hesse;Hermann;m;1927;1927;0;Expressionismus;1;;;;;;;;;;;;;;;
2022;Der Steppenwolf;Hesse;Hermann;m;1927;1927;0;Expressionismus;1;;;;;;;;;;;;;;;
2021;Der Trafikant;Seethaler;Robert;m;2012;2012;0;Gegenwartsliteratur;1;;;;;;;;;;;;;;;
2022;Der Trafikant;Seethaler;Robert;m;2012;2012;0;Gegenwartsliteratur;1;;;;;;;;;1;;;;;;
2023;Der Trafikant;Seethaler;Robert;m;2012;2012;0;Gegenwartsliteratur;1;;;;;;;;;1;;;;;;
2024;Der Trafikant;Seethaler;Robert;m;2012;2012;0;Gegenwartsliteratur;;;;;;;;;;1;;;;;;
2025;Der Trafikant;Seethaler;Robert;m;2012;2012;0;Gegenwartsliteratur;;;;;;;;;;1;;;;;;
2023;Der Untertan;Mann;Heinrich;m;1914;1914;0;Moderne;;;;;;1;;;1;;;;;;;
2024;Der Untertan;Mann;Heinrich;m;1914;1914;0;Moderne;;;;;;1;;;;;;;;;;
2017;Der Verbrecher aus verlorener Ehre;Schiller;Friedrich;m;1786;1786;0;Aufklärung;;;;;;1;;;;;;;;;;
2018;Der Verbrecher aus verlorener Ehre;Schiller;Friedrich;m;1786;1786;0;Aufklärung;;;;;;1;;;;;;;;;;
2021;Der Verlorene;Treichel;Hans-Ulrich;m;1998;1998;0;Postemoderne, Gegenwartsliteratur;1;;;;;;;;;;;;;;;
2015;Der Verschollene;Kafka;Franz;m;1927;1927;0;Expressionismus;;;;;;1;;;;;;;;;;
2016;Der Verschollene;Kafka;Franz;m;1927;1927;0;Expressionismus;;;;;;1;;;;;;;;;;
2023;Der Verschollene;Kafka;Franz;m;1927;1927;0;Moderne;1;;;;;;;;;;;;;;;
2024;Der Verschollene;Kafka;Franz;m;1927;1927;0;Moderne;;;;;;;;;;;;;;;1;
2025;Der Verschollene;Kafka;Franz;m;1927;1927;0;Moderne;;;;;;;;;;;;;;;1;
2026;Der Verschollene;Kafka;Franz;m;1927;1927;0;Moderne;;;;;;;;;;;;;;;1;
2006;Der Vorleser;Schlink;Bernhard;m;1995;1995;0;Postmoderne;;;;1;;;;;;;;;1;;;
2011;Der Zauberlehrling;Goethe;Johann Wolfgang;m;1797;1797;0;Weimarer Klassik;;;;;;;;;1;;;;;;;
2015;Der zerbrochne Krug;Kleist;Heinrich;m;1811;1811;0;Weimarer Klassik, Romantik;;;;;;1;;;;;;;;;;
2016;Der zerbrochne Krug;Kleist;Heinrich;m;1811;1811;0;Weimarer Klassik, Romantik;;;;;;1;;;;;;;;;;
2026;Der zerbrochne Krug;Kleist;Heinrich;m;1811;1811;0;Weimarer Klassik, Romantik;1;1;1;1;1;1;1;1;1;1;1;1;1;1;1;1
2006;Deutschland. Ein Wintermärchen;Heine;Heinrich;m;1844;1844;0;Vormärz;;;;;;1;;;;;;;;;;
2017;Deutschland. Ein Wintermärchen;Heine;Heinrich;m;1844;1844;0;Vormärz;;;;;;1;;;;;;;;;;
2018;Deutschland. Ein Wintermärchen;Heine;Heinrich;m;1844;1844;0;Vormärz;;;;;;1;;;;;;;;;;
2022;Deutschland. Ein Wintermärchen;Heine;Heinrich;m;1844;1844;0;Vormärz;;;;;1;;;;;;;;;;;
2023;Deutschland. Ein Wintermärchen;Heine;Heinrich;m;1844;1844;0;Vormärz;;;;;1;;;;;;;;;;;
2021;Deutschland. Ein Wintermärchen;Heine;Heinrich;m;1844;1844;0;Vormärz;;;;;1;;;;;;;;;;;
2007;Die Berliner Antigone;Hochhuth;Rolf;m;1980;1980;0;Nachkriegsliteratur;;;;;;;;;;;;;1;;;
2009;Die Berliner Antigone;Hochhuth;Rolf;m;1980;1980;0;Nachkriegsliteratur;;;;;;;;;;;;;1;;;
2010;Die Berliner Antigone;Hochhuth;Rolf;m;1980;1980;0;Nachkriegsliteratur;;;;;;;;;;;;;1;;;
2011;Die Berliner Antigone;Hochhuth;Rolf;m;1980;1980;0;Nachkriegsliteratur;;;;;;;;;;;;;1;;;
2012;Die Berliner Antigone;Hochhuth;Rolf;m;1980;1980;0;Nachkriegsliteratur;;;;;;;;;;;;;1;;;
2013;Die Berliner Antigone;Hochhuth;Rolf;m;1980;1980;0;Nachkriegsliteratur;;;;;;;;;;;;;1;;;
2014;Die Berliner Antigone;Hochhuth;Rolf;m;1980;1980;0;Nachkriegsliteratur;;;;;;;;;;;;;1;;;
2015;Die Berliner Antigone;Hochhuth;Rolf;m;1980;1980;0;Nachkriegsliteratur;;;;;;;;;;;;;1;;;
2016;Die Berliner Antigone;Hochhuth;Rolf;m;1980;1980;0;Nachkriegsliteratur;;;;;;;;;;;;;1;;;
2006;Die Blechtrommel;Grass;Günter;m;1959;1959;0;Nachkriegsliteratur;;;;1;;;;;;;;;;;;
2017;Die Dreigroschenoper;Brecht;Bertolt;m;1928;1928;0;Neue Sachlichkeit;;;;;1;;;;;;;;;;;
2018;Die Dreigroschenoper;Brecht;Bertolt;m;1928;1928;0;Neue Sachlichkeit;;;;;1;;;;;;;;;;;
2019;Die Dreigroschenoper;Brecht;Bertolt;m;1928;1928;0;Neue Sachlichkeit;;;;;1;;;;;;;;;;;
2025;Die Furcht vor der Freiheit;Fromm;Erich;m;1941;1941;0;Gegenwartsliteratur;;;;;1;;;;;;;;;;;
2026;Die Furcht vor der Freiheit;Fromm;Erich;m;1941;1941;0;Gegenwartsliteratur;;;;;1;;;;;;;;;;;
2016;Die heilige Johanna der Schlachthöfe;Brecht;Bertolt;m;1931;1931;0;Neue Sachlichkeit;;;;;;;1;;;;;;;;;
2017;Die heilige Johanna der Schlachthöfe;Brecht;Bertolt;m;1931;1931;0;Neue Sachlichkeit;;;;;1;;1;;;;;;;;;
2018;Die heilige Johanna der Schlachthöfe;Brecht;Bertolt;m;1931;1931;0;Neue Sachlichkeit;;;;;1;;1;;;;;;;;;
2019;Die heilige Johanna der Schlachthöfe;Brecht;Bertolt;m;1931;1931;0;Neue Sachlichkeit;;;;;1;;;;;;;;;;;
2021;Die Horen;Schiller;Friedrich;m;1794;1794;0;Weimarer Klassik;;;;;;;;;1;;;;;;;
2011;Die Jahre der Liebe;Nizon;Paul;m;1981;1981;0;Gegenwartsliteratur;;;;;;1;;;;;;;;;;
2017;Die Judenbuche;Droste-Hülshoff;Annette;f;1842;1842;0;Biedermeier;;;;;;1;;;;;;;;;;
2018;Die Judenbuche;Droste-Hülshoff;Annette;f;1842;1842;0;Biedermeier;;;;;;1;;;;;;;;;;
2013;Die Jungfrau von Orleans;Schiller;Friedrich;m;1801;1801;0;Weimarer Klassik;;;;;;;1;;;;;;;;;
2014;Die Jungfrau von Orleans;Schiller;Friedrich;m;1801;1801;0;Weimarer Klassik;;;;;;;1;;;;;;;;;
2015;Die Jungfrau von Orleans;Schiller;Friedrich;m;1801;1801;0;Weimarer Klassik;;;;;;;1;;;;;;;;;
2016;Die Jungfrau von Orleans;Schiller;Friedrich;m;1801;1801;0;Weimarer Klassik;;;;;;;1;;;;;;;;;
2017;Die Jungfrau von Orleans;Schiller;Friedrich;m;1801;1801;0;Weimarer Klassik;;;;;;;1;;;;;;;;;
2018;Die Jungfrau von Orleans;Schiller;Friedrich;m;1801;1801;0;Weimarer Klassik;;;;;;;1;;;;;;;;;
2008;Die Kindermörderin;Wagner;Heinrich Leopold;m;1776;1776;0;Sturm und Drang;;;;;1;;;;;;;;;;;
2006;Die Leiden des jungen Werthers;Goethe;Johann Wolfgang;m;1774;1774;0;Sturm und Drang;;;;;;1;;;;;;;;;;
2008;Die Leiden des jungen Werthers;Goethe;Johann Wolfgang;m;1774;1774;0;Sturm und Drang;;;;;1;;;;;;;;;;;
2010;Die Leiden des jungen Werthers;Goethe;Johann Wolfgang;m;1774;1774;0;Sturm und Drang;;;;;;;;;1;;;;;;;
2013;Die Leiden des jungen Werthers;Goethe;Johann Wolfgang;m;1774;1774;0;Sturm und Drang;;;;;;1;;;;;;;;;;
2014;Die Leiden des jungen Werthers;Goethe;Johann Wolfgang;m;1774;1774;0;Sturm und Drang;;;;;;1;;;;;;;;;;
2009;Die letzten Tage der Menschheit;Kraus;Karl;m;1918;1918;0;Expressionismus;;;;;1;;;;;;;;;;;
2007;Die Marquise von O.;Kleist;Heinrich;m;1808;1808;0;Weimarer Klassik, Romantik;;;;;;1;;;;;;;;;;
2011;Die Marquise von O.;Kleist;Heinrich;m;1808;1808;0;Weimarer Klassik, Romantik;;;;;;;;;1;;;;;;;
2013;Die Marquise von O.;Kleist;Heinrich;m;1808;1808;0;Weimarer Klassik, Romantik;;;;;;;1;;;;;;;;;
2014;Die Marquise von O.;Kleist;Heinrich;m;1808;1808;0;Weimarer Klassik, Romantik;;;;;;;1;;;;;;;;;
2015;Die Marquise von O.;Kleist;Heinrich;m;1808;1808;0;Weimarer Klassik, Romantik;;;;;;;1;;;;;;;;;
2016;Die Marquise von O.;Kleist;Heinrich;m;1808;1808;0;Weimarer Klassik, Romantik;;;;;;;1;;;;;;;;;
2017;Die Marquise von O.;Kleist;Heinrich;m;1808;1808;0;Weimarer Klassik, Romantik;;;;;;;1;;;;;;;;;
2018;Die Marquise von O.;Kleist;Heinrich;m;1808;1808;0;Weimarer Klassik, Romantik;;;;;;;1;;;;;;;;;
2019;Die Marquise von O.;Kleist;Heinrich;m;1808;1808;0;Weimarer Klassik, Romantik;;;;;;;;;;1;;;;;;
2020;Die Marquise von O.;Kleist;Heinrich;m;1808;1808;0;Weimarer Klassik, Romantik;;;;;;;;;;1;;;;;;
2021;Die Marquise von O.;Kleist;Heinrich;m;1808;1808;0;Weimarer Klassik, Romantik;;;;;;;;;;1;;;;;;
2026;Die Marquise von O.;Kleist;Heinrich;m;1808;1808;0;Weimarer Klassik, Romantik;;;;;;;;;1;;;;;;;
2006;Die Physiker;Dürrenmatt;Friedrich;m;1962;1962;0;Postmoderne, Nachkriegsliteratur;;;;;;;;;;;;;1;;;
2007;Die Physiker;Dürrenmatt;Friedrich;m;1962;1962;0;Postmoderne, Nachkriegsliteratur;;;;;;;1;;;;;;1;;;
2008;Die Physiker;Dürrenmatt;Friedrich;m;1962;1962;0;Postmoderne, Nachkriegsliteratur;;;;;;;1;;;;;;;;;
2009;Die Physiker;Dürrenmatt;Friedrich;m;1962;1962;0;Postmoderne, Nachkriegsliteratur;;;;;;;;;;;;;1;;;
2010;Die Physiker;Dürrenmatt;Friedrich;m;1962;1962;0;Postmoderne, Nachkriegsliteratur;;;;;;;;;;;;;1;;;
2011;Die Physiker;Dürrenmatt;Friedrich;m;1962;1962;0;Postmoderne, Nachkriegsliteratur;;;;;;;;;1;;;;1;;;
2012;Die Physiker;Dürrenmatt;Friedrich;m;1962;1962;0;Postmoderne, Nachkriegsliteratur;;;;;;;;;1;;;;1;;;
2013;Die Physiker;Dürrenmatt;Friedrich;m;1962;1962;0;Postmoderne, Nachkriegsliteratur;;;;;;;;;;;;;1;;;
2014;Die Physiker;Dürrenmatt;Friedrich;m;1962;1962;0;Postmoderne, Nachkriegsliteratur;;;;;;;;;;;;;1;;;
2015;Die Physiker;Dürrenmatt;Friedrich;m;1962;1962;0;Postmoderne, Nachkriegsliteratur;;;;;;;;;;;;;1;;;
2016;Die Physiker;Dürrenmatt;Friedrich;m;1962;1962;0;Postmoderne, Nachkriegsliteratur;;;;;;;;;;;;;1;;;
2011;Die Räuber;Schiller;Friedrich;m;1781;1781;0;Sturm und Drang;;;;;;1;;;;;;;;;;
2012;Die Räuber;Schiller;Friedrich;m;1781;1781;0;Sturm und Drang;;;;;;1;;;;;;;;;;
2009;Die Ratten;Hauptmann;Gerhart;m;1911;1911;0;Naturalismus;;;;;;;;;1;;;;;;;
2010;Die Ratten;Hauptmann;Gerhart;m;1911;1911;0;Naturalismus;;;;;;;;;1;;;;;;;
2008;Die Soldaten;Lenz;Jakob Michael Reinhold;m;1776;1776;0;Sturm und Drang;;;;;1;;;;;;;;;;;
2010;Die Soldaten;Lenz;Jakob Michael Reinhold;m;1776;1776;0;Sturm und Drang;;;;;;1;;;;;;;;;;
2017;Die unwürdige Greisin;Brecht;Bertolt;m;1949;1949;0;Exilliteratur;;;;;1;;;;;;;;;;;
2018;Die unwürdige Greisin;Brecht;Bertolt;m;1949;1949;0;Exilliteratur;;;;;1;;;;;;;;;;;
2019;Die unwürdige Greisin;Brecht;Bertolt;m;1949;1949;0;Exilliteratur;;;;;1;;;;;;;;;;;
2017;Die verlorene Ehre der Katharina Blum;Böll;Heinrich;m;1974;1974;0;Moderne;;;;;;1;;;;;;;;;;
2018;Die verlorene Ehre der Katharina Blum;Böll;Heinrich;m;1974;1974;0;Moderne;;;;;;1;;;;;;;;;;
2006;Die Verwandlung;Kafka;Franz;m;1915;1915;1;Expressionismus;;;;;;;;;;;;;1;;;
2007;Die Verwandlung;Kafka;Franz;m;1915;1915;1;Expressionismus;;;;;;;1;;;;;;1;;;
2008;Die Verwandlung;Kafka;Franz;m;1915;1915;1;Expressionismus;;;;;;;1;;;;;;;;;
2009;Die Verwandlung;Kafka;Franz;m;1915;1915;1;Expressionismus;;;;;;;1;;;;;;1;;;
2010;Die Verwandlung;Kafka;Franz;m;1915;1915;1;Expressionismus;;;;;;;1;;;;;;1;;;
2011;Die Verwandlung;Kafka;Franz;m;1915;1915;1;Expressionismus;;;;;;;1;;;;;;1;;;
2012;Die Verwandlung;Kafka;Franz;m;1915;1915;1;Expressionismus;;;;;;;1;;;;;;1;;;
2014;Die Verwandlung;Kafka;Franz;m;1915;1915;1;Expressionismus;;;;;1;;1;;1;;;;;;;
2015;Die Verwandlung;Kafka;Franz;m;1915;1915;1;Expressionismus;;;;;1;;1;;;1;;;;;;
2016;Die Verwandlung;Kafka;Franz;m;1915;1915;1;Expressionismus;;;;;1;;1;;;1;;;;;;
2017;Die Verwandlung;Kafka;Franz;m;1915;1915;1;Expressionismus;;;;;;;1;;;1;;;;;;
2018;Die Verwandlung;Kafka;Franz;m;1915;1915;1;Expressionismus;;;;;;;1;;;1;;;;;;
2019;Die Verwandlung;Kafka;Franz;m;1915;1915;1;Expressionismus;;;;;;;1;;;;;;;;;
2020;Die Verwandlung;Kafka;Franz;m;1915;1915;1;Expressionismus;;;;;;;1;;;;;;;;;
2021;Die Verwandlung;Kafka;Franz;m;1915;1915;1;Expressionismus;;;;;;;1;;;;;;;;;
2006;Don Karlos: Infant von Spanien;Schiller;Friedrich;m;1787;1787;0;Sturm und Drang, Weimarer Klassik;;;;;;1;;;1;;;;;;;
2007;Don Karlos: Infant von Spanien;Schiller;Friedrich;m;1787;1787;0;Sturm und Drang, Weimarer Klassik;;;;;;;1;;;;;;;;;
2008;Don Karlos: Infant von Spanien;Schiller;Friedrich;m;1787;1787;0;Sturm und Drang, Weimarer Klassik;;;;;;;1;;;;;;;;;
2011;Don Karlos: Infant von Spanien;Schiller;Friedrich;m;1787;1787;0;Sturm und Drang, Weimarer Klassik;;;;;;;1;;;;;;;;;
2012;Don Karlos: Infant von Spanien;Schiller;Friedrich;m;1787;1787;0;Sturm und Drang, Weimarer Klassik;;;;;;;1;;;;;;;;;
2006;Effi Briest;Fontane;Theodor;m;1895;1895;0;Realismus;;;;;;;;;;;;;1;;;
2007;Effi Briest;Fontane;Theodor;m;1895;1895;0;Realismus;;;;;;1;1;;;;;;;;;
2008;Effi Briest;Fontane;Theodor;m;1895;1895;0;Realismus;;;;;;;1;;;;;;;;;
2024;Effi Briest;Fontane;Theodor;m;1895;1895;0;Realismus;;;;;;;;;;;;;;;1;
2025;Effi Briest;Fontane;Theodor;m;1895;1895;0;Realismus;;;;;;;;;;;;;;;1;
2026;Effi Briest;Fontane;Theodor;m;1895;1895;0;Realismus;;;;;;;;;;;;;;;1;
2009;Ein apokalyptisches Fragment;Günderrode;Karoline;f;1780-1806;1780;0;Romantik;;;;;;;;;1;;;;;;;
2011;Ein Volksfeind;Ibsen;Henrik;m;1882;1882;0;Realismus;;;;;;;;;1;;;;;;;
2006;Ein Wort;Benn;Gottfried;m;1941;1941;0;Expressionismus;;;;;;;;;1;;;;;;;
2007;Ein Wort;Benn;Gottfried;m;1941;1941;0;Expressionismus;;;;;;;;;1;;;;;;;
2010;Einer;Gstrein;Norbert;m;1988;1988;0;Gegenwartsliteratur;;;;;;1;;;;;;;;;;
2013;Emigranten-Monolog;Kaléko;Mascha;f;1945;1945;0;Exilliteratur;;;;;;1;;;;;;;;;;
2014;Emigranten-Monolog;Kaléko;Mascha;f;1945;1945;0;Exilliteratur;;;;;;1;;;;;;;;;;
2007;Emilia Galotti;Lessing;Gotthold Ephraim;m;1772;1772;0;Aufklärung;;;;;;1;;;;;;;;;;
2009;Emilia Galotti;Lessing;Gotthold Ephraim;m;1772;1772;0;Aufklärung;;;;;;;;;;;;;1;;;
2019;Emilia Galotti;Lessing;Gotthold Ephraim;m;1772;1772;0;Aufklärung;;;;;;1;;;;;;;;;;
2020;Emilia Galotti;Lessing;Gotthold Ephraim;m;1772;1772;0;Aufklärung;;;;;;1;;;;;;;;;;
2024;Emilia Galotti;Lessing;Gotthold Ephraim;m;1772;1772;0;Aufklärung;;;;;1;;;;;;;;;;;
2025;Emilia Galotti;Lessing;Gotthold Ephraim;m;1772;1772;0;Aufklärung;;;;;1;;;;;;;;;;;
2026;Emilia Galotti;Lessing;Gotthold Ephraim;m;1772;1772;0;Aufklärung;;;;;1;;;;;;;;;;;
2012;Entdeckung an einer jungen Frau;Brecht;Bertolt;m;1925;1925;0;Neue Sachlichkeit;;;;;;;;;1;;;;;;;
2014;Erstes Leid;Kafka;Franz;m;1922;1922;0;Expressionismus;;;;;;;;;1;;;;;;;
2020;Fabian. Die Geschichte eines Moralisten;Kästner;Erich;m;1931;1931;0;Neuen Sachlichkeit;;;;;;;;;1;;;;;;;
2010;Faserland;Kracht;Christian;m;1995;1995;0;Popliteratur;;;;;1;;;;;;;;;;;
2011;Faserland;Kracht;Christian;m;1995;1995;0;Popliteratur;;;;;1;;;;;;;;;;;
2013;Faserland;Kracht;Christian;m;1995;1995;0;Popliteratur;;;;;;;;;1;;;;;;;
2006;Faust I;Goethe;Johann Wolfgang;m;1808;1808;0;Weimarer Klassik, Sturm und Drang, Romantik, Aufklärung;;;;;;;;;;;;;1;;;
2007;Faust I;Goethe;Johann Wolfgang;m;1808;1808;0;Weimarer Klassik, Sturm und Drang, Romantik, Aufklärung;;;;;;;1;;;;;;1;;;
2008;Faust I;Goethe;Johann Wolfgang;m;1808;1808;0;Weimarer Klassik, Sturm und Drang, Romantik, Aufklärung;;;;;;1;1;;;;;;;;;
2009;Faust I;Goethe;Johann Wolfgang;m;1808;1808;0;Weimarer Klassik, Sturm und Drang, Romantik, Aufklärung;;;;;;;1;;;;;;1;;;
2010;Faust I;Goethe;Johann Wolfgang;m;1808;1808;0;Weimarer Klassik, Sturm und Drang, Romantik, Aufklärung;;;;;;;1;;;;;;;;;
2011;Faust I;Goethe;Johann Wolfgang;m;1808;1808;0;Weimarer Klassik, Sturm und Drang, Romantik, Aufklärung;;;;;1;;1;;;;;;;;;
2012;Faust I;Goethe;Johann Wolfgang;m;1808;1808;0;Weimarer Klassik, Sturm und Drang, Romantik, Aufklärung;;;;;1;;1;;;;;;;;;
2013;Faust I;Goethe;Johann Wolfgang;m;1808;1808;0;Weimarer Klassik, Sturm und Drang, Romantik, Aufklärung;;;;;1;;1;;;;;;;;;
2014;Faust I;Goethe;Johann Wolfgang;m;1808;1808;0;Weimarer Klassik, Sturm und Drang, Romantik, Aufklärung;;;;;;;1;;;;;;;;;
2015;Faust I;Goethe;Johann Wolfgang;m;1808;1808;0;Weimarer Klassik, Sturm und Drang, Romantik, Aufklärung;;;;;;;1;;1;;;;;;;
2016;Faust I;Goethe;Johann Wolfgang;m;1808;1808;0;Weimarer Klassik, Sturm und Drang, Romantik, Aufklärung;;;;;;;1;;;;;;;;;
2017;Faust I;Goethe;Johann Wolfgang;m;1808;1808;0;Weimarer Klassik, Sturm und Drang, Romantik, Aufklärung;;;;;;;1;;;1;;;;;;
2018;Faust I;Goethe;Johann Wolfgang;m;1808;1808;0;Weimarer Klassik, Sturm und Drang, Romantik, Aufklärung;;;;;;;1;;;1;;;;;;
2019;Faust I;Goethe;Johann Wolfgang;m;1808;1808;0;Weimarer Klassik, Sturm und Drang, Romantik, Aufklärung;1;;;;;;1;;;1;;;;;;
2020;Faust I;Goethe;Johann Wolfgang;m;1808;1808;0;Weimarer Klassik, Sturm und Drang, Romantik, Aufklärung;1;;;;;;1;;;1;;;;;;
2021;Faust I;Goethe;Johann Wolfgang;m;1808;1808;0;Weimarer Klassik, Sturm und Drang, Romantik, Aufklärung;1;;;;;1;1;;;;;;;;;
2022;Faust I;Goethe;Johann Wolfgang;m;1808;1808;0;Weimarer Klassik, Sturm und Drang, Romantik, Aufklärung;1;;;;;1;1;;;;;1;;;;
2023;Faust I;Goethe;Johann Wolfgang;m;1808;1808;0;Weimarer Klassik, Sturm und Drang, Romantik, Aufklärung;1;;;;;;;;;;;1;;;;
2024;Faust I;Goethe;Johann Wolfgang;m;1808;1808;0;Weimarer Klassik, Sturm und Drang, Romantik, Aufklärung;;;;;;;;;;;;1;;;;
2025;Faust I;Goethe;Johann Wolfgang;m;1808;1808;0;Weimarer Klassik, Sturm und Drang, Romantik, Aufklärung;;;;;;;1;;;;;;;;;
2026;Faust I;Goethe;Johann Wolfgang;m;1808;1808;0;Weimarer Klassik, Sturm und Drang, Romantik, Aufklärung;;;;;;;;;;;;1;;;;
2015;Faust II;Goethe;Johann Wolfgang;m;1832;1832;0;Weimarer Klassik;;;;;;;;;1;;;;;;;
2009;Früh im Wagen;Mörike;Eduard;m;1846;1846;0;Biedermeier;;;;;;;;;1;;;;;;;
2009;Franziska Linkerhand;Reimann;Brigitte;f;1974;1974;0;Literatur der DDR;;;;;;1;;;;;;;;;;
2014;Frau Jenny Treibel;Fontane;Theodor;m;1892;1892;0;Realismus;;;;;;;1;;;;;;;;;
2015;Frau Jenny Treibel;Fontane;Theodor;m;1892;1892;0;Realismus;;;;;;;1;;;;;;;;;
2016;Frau Jenny Treibel;Fontane;Theodor;m;1892;1892;0;Realismus;;;;;;;1;;;;;;;;;
2026;Furor. Theater der Gegenwart;Hübner/Nemitz;Lutz/Sarah;f;2018;2018;0;Gegenwartsliteratur;;;;;;;;;;;;1;;;;
2019;Gehen, ging, gegangen;Erpenbeck;Jenny;f;2015;2015;0;Gegenwartsliteratur;;;;;;;;;1;;;;;;;
2009;Geschichten aus dem Wiener Wald. Volksstück in drei Teilen;Horváth;Ödön;m;1931;1931;0;Neue Sachlichkeit;;;;;;;;;1;;;;;;;
2010;Geschichten aus dem Wiener Wald. Volksstück in drei Teilen;Horváth;Ödön;m;1931;1931;0;Neue Sachlichkeit;;;;;;;;;1;;;;;;;
2006;Hälfte des Lebens;Hölderlin;Friedrich;m;1804;1804;0;Weimarer Klassik;;;;;;;;;1;;;;;;;
2016;Halbschatten;Timm;Uwe;m;2008;2008;0;Postmoderne;;;;;;;1;;;;;;;;;
2017;Halbschatten;Timm;Uwe;m;2008;2008;0;Postmoderne;;;;;;;1;;;;;;;;;
2018;Halbschatten;Timm;Uwe;m;2008;2008;0;Postmoderne;;;;;;;1;;;;;;;;;
2020;Hamlet;Shakespeare;William;m;1623;1623;0;Renaissance;;;;;;;;;;;;;1;;;
2021;Hamlet;Shakespeare;William;m;1623;1623;0;Renaissance;;;;;;;;;;;;;1;;;
2022;Hamlet;Shakespeare;William;m;1623;1623;0;Renaissance;;;;;;;;;;;;;1;;;
2009;Hamlet;Shakespeare;William;m;1623;1623;0;Renaissance;;;;;;;;;;;;;1;;;
2010;Hamlet;Shakespeare;William;m;1623;1623;0;Renaissance;;;;;;;;;;;;;1;;;
2011;Hamlet;Shakespeare;William;m;1623;1623;0;Renaissance;;;;;;;;;;;;;1;;;
2012;Hamlet;Shakespeare;William;m;1623;1623;0;Renaissance;;;;;;;;;;;;;1;;;
2013;Hamlet;Shakespeare;William;m;1623;1623;0;Renaissance;;;;;;;;;;;;;1;;;
2014;Hamlet;Shakespeare;William;m;1623;1623;0;Renaissance;;;;;;;;;;;;;1;;;
2015;Hamlet;Shakespeare;William;m;1623;1623;0;Renaissance;;;;;;;;;;;;;1;;;
2016;Hamlet;Shakespeare;William;m;1623;1623;0;Renaissance;;;;;;;;;;;;;1;;;
2017;Hamlet;Shakespeare;William;m;1623;1623;0;Renaissance;;;;;;;;;;;;;1;;;
2018;Hamlet;Shakespeare;William;m;1623;1623;0;Renaissance;;;;;;;;;;;;;1;;;
2019;Hamlet;Shakespeare;William;m;1623;1623;0;Renaissance;;;;;;;;;;;;;1;;;
2008;Heeresbericht;Köppen;Edlef;m;1930;1930;0;Weimarer Republik;;;;;1;;;;;;;;;;;
2009;Heeresbericht;Köppen;Edlef;m;1930;1930;0;Weimarer Republik;;;;;1;;;;;;;;;;;
2025;Heimsuchung;Erpenbeck;Jenny;f;2008;2008;0;Gegenwartsliteratur;;;;;;;1;;;;;;;;;
2026;Heimsuchung;Erpenbeck;Jenny;f;2008;2008;0;Gegenwartsliteratur;1;1;1;1;1;1;1;1;1;1;1;1;1;1;1;1
2006;Heldenplatz;Bernhard;Thomas;m;1988;1988;0;Gegenwartsliteratur;;;;;;;;;;;;;1;;;
2023;Herkunft;Stanisic;Sasa;m;2019;2019;0;Gegenwartsliteratur;;;;;1;;;;;;;;;;;
2024;Herkunft;Stanisic;Sasa;m;2019;2019;0;Gegenwartsliteratur;;;;;1;;;;;;;;;;;
2025;Herkunft;Stanisic;Sasa;m;2019;2019;0;Gegenwartsliteratur;;;;;1;;;;;;;;;;;
2010;Herr Lehmann;Regener;Sven;m;2001;2001;0;Popliteratur;;;;;1;;;;;;;;;;;
2011;Herr Lehmann;Regener;Sven;m;2001;2001;0;Popliteratur;;;;;1;;;;;;;;;;;
2020;Hikikomori;Kuhn;Kevin;m;2012;2012;0;Gegenwartsliteratur;;;;;1;;;;;;;;;;;
2021;Hikikomori;Kuhn;Kevin;m;2012;2012;0;Gegenwartsliteratur;;;;;1;;;;;;;;;;;
2022;Hikikomori;Kuhn;Kevin;m;2012;2012;0;Gegenwartsliteratur;;;;;1;;;;;;;;;;;
2006;Hiob;Roth;Joseph;m;1930;1930;0;Neue Sachlichkeit;;;;;;;;;;;;;1;;;
2014;Hiob;Roth;Joseph;m;1930;1930;0;Neue Sachlichkeit;;;;;;;;;;1;;;;;;
2015;Hiob;Roth;Joseph;m;1930;1930;0;Neue Sachlichkeit;;;;;;;;;;1;;;;;;
2016;Hiob;Roth;Joseph;m;1930;1930;0;Neue Sachlichkeit;;;;;;;;;;1;;;;;;
2024;Hiob;Roth;Joseph;m;1930;1930;0;Neue Sachlichkeit;;;;;;;;;;;;;;;1;
2025;Hiob;Roth;Joseph;m;1930;1930;0;Neue Sachlichkeit;;;;;;;;;;;;;;;1;
2026;Hiob;Roth;Joseph;m;1930;1930;0;Neue Sachlichkeit;;;;;;;;;;;;;;;1;
2007;Homo faber;Frisch;Max;m;1957;1957;0;Nachkriegsliteratur, Postmoderne;;;;;;;1;;;;;;;;;
2008;Homo faber;Frisch;Max;m;1957;1957;0;Nachkriegsliteratur, Postmoderne;;;;;;;1;;;;;;;;;
2017;Homo faber;Frisch;Max;m;1957;1957;0;Nachkriegsliteratur, Postmoderne;1;;;;;;;;;;;;;;;
2018;Homo faber;Frisch;Max;m;1957;1957;0;Nachkriegsliteratur, Postmoderne;1;;;;;;;;;;;;;;;
2006;Ich fürchte mich so vor der Menschen Wort;Rilke;Rainer Maria;m;1899;1899;0;Moderne;;;;;;;;;1;;;;;;;
2007;Ich fürchte mich so vor der Menschen Wort;Rilke;Rainer Maria;m;1899;1899;0;Moderne;;;;;;;;;1;;;;;;;
2006;Im Krebsgang;Grass;Günter;m;2002;2002;0;Postmoderne, Gegenwartsliteratur;;;;;;1;;;;;;;;;;
2007;Im Krebsgang;Grass;Günter;m;2002;2002;0;Postmoderne, Gegenwartsliteratur;;;;;;;;;;;;;1;;;
2009;Im Krebsgang;Grass;Günter;m;2002;2002;0;Postmoderne, Gegenwartsliteratur;;;;;;;;;;;;;1;;;
2010;Im Krebsgang;Grass;Günter;m;2002;2002;0;Postmoderne, Gegenwartsliteratur;;;;;;;;;;;;;1;;;
2011;Im Krebsgang;Grass;Günter;m;2002;2002;0;Postmoderne, Gegenwartsliteratur;;;;;;;;;;;;;1;;;
2012;Im Krebsgang;Grass;Günter;m;2002;2002;0;Postmoderne, Gegenwartsliteratur;;;;;;;;;;;;;1;;;
2013;Im Kreise gelausen;Weiss;Peter;m;1985;1985;0;Exilliteratur;;;;;;1;;;;;;;;;;
2014;Im Kreise gelausen;Weiss;Peter;m;1985;1985;0;Exilliteratur;;;;;;1;;;;;;;;;;
2008;Im Westen Nichts Neues;Remarque;Erich Maria;m;1928;1928;0;Weimarer Republik;;;;;1;;;;;;;;;;;
2009;Im Westen Nichts Neues;Remarque;Erich Maria;m;1928;1928;0;Weimarer Republik;;;;;1;;;;;;;;;;;
2016;Im Westen Nichts Neues;Remarque;Erich Maria;m;1928;1928;0;Weimarer Republik;;;;;;;;;1;;;;;;;
2014;In der Strafkolonie;Kafka;Franz;m;1919;1919;0;Expressionismus;;;;;1;;;;;;;;;;;
2015;In der Strafkolonie;Kafka;Franz;m;1919;1919;0;Expressionismus;;;;;1;;;;;;;;;;;
2016;In der Strafkolonie;Kafka;Franz;m;1919;1919;0;Expressionismus;;;;;1;;;;;;;;;;;
2017;In der Strafkolonie;Kafka;Franz;m;1919;1919;0;Expressionismus;;;;;;;;;;;;;1;;;
2018;In der Strafkolonie;Kafka;Franz;m;1919;1919;0;Expressionismus;;;;;;;;;;;;;1;;;
2019;In der Strafkolonie;Kafka;Franz;m;1919;1919;0;Expressionismus;;;;;;;;;;;;;1;;;
2020;In der Strafkolonie;Kafka;Franz;m;1919;1919;0;Expressionismus;;;;;;;;;;;;;1;;;
2021;In der Strafkolonie;Kafka;Franz;m;1919;1919;0;Expressionismus;;;;;;;;;;;;;1;;;
2022;In der Strafkolonie;Kafka;Franz;m;1919;1919;0;Expressionismus;1;;;;;;;;;;;;1;;;
2023;In der Strafkolonie;Kafka;Franz;m;1919;1919;0;Expressionismus;;;;;;;;;;;;;1;;;
2024;In der Strafkolonie;Kafka;Franz;m;1919;1919;0;Expressionismus;;;;;;;;;;;;;1;;;
2025;In der Strafkolonie;Kafka;Franz;m;1919;1919;0;Expressionismus;;;;;;;;;;;;;1;;;
2026;In der Strafkolonie;Kafka;Franz;m;1919;1919;0;Expressionismus;;;;;;;;;;;;;1;;;
2011;In seiner frühen Kindheit ein Garten;Hein;Christoph;m;2005;2005;0;Gegenwartsliteratur;;;;;;;1;;;;;;;;;
2012;In seiner frühen Kindheit ein Garten;Hein;Christoph;m;2005;2005;0;Gegenwartsliteratur;;;;;;;1;;;;;;;;;
2013;In seiner frühen Kindheit ein Garten;Hein;Christoph;m;2005;2005;0;Gegenwartsliteratur;;;;;;;1;;;;;;;;;
2017;In seiner frühen Kindheit ein Garten;Hein;Christoph;m;2005;2005;0;Gegenwartsliteratur;;;;;;;;;;;;;1;;;
2018;In seiner frühen Kindheit ein Garten;Hein;Christoph;m;2005;2005;0;Gegenwartsliteratur;;;;;;;;;;;;;1;;;
2019;In seiner frühen Kindheit ein Garten;Hein;Christoph;m;2005;2005;0;Gegenwartsliteratur;;;;;;;;;;;;;1;;;
2020;In seiner frühen Kindheit ein Garten;Hein;Christoph;m;2005;2005;0;Gegenwartsliteratur;;;;;;;;;;;;;1;;;
2021;In seiner frühen Kindheit ein Garten;Hein;Christoph;m;2005;2005;0;Gegenwartsliteratur;;;;;;;;;;;;;1;;;
2022;In seiner frühen Kindheit ein Garten;Hein;Christoph;m;2005;2005;0;Gegenwartsliteratur;;;;;;;;;;;;;1;;;
2023;In seiner frühen Kindheit ein Garten;Hein;Christoph;m;2005;2005;0;Gegenwartsliteratur;;;;;;;;;;;;;1;;;
2024;In seiner frühen Kindheit ein Garten;Hein;Christoph;m;2005;2005;0;Gegenwartsliteratur;;;;;;;;;;;;;1;;;
2025;In seiner frühen Kindheit ein Garten;Hein;Christoph;m;2005;2005;0;Gegenwartsliteratur;;;;;;;;;;;;;1;;;
2026;In seiner frühen Kindheit ein Garten;Hein;Christoph;m;2005;2005;0;Gegenwartsliteratur;;;;;;;;;;;;;1;;;
2016;In Stahlgewitter;Jünger;Ernst;m;1920;1920;0;Moderne;;;;;;;;;1;;;;;;;
2017;Ingrid Babendererde. Reifeprüfung 1953;Johnson;Uwe;m;1985;1985;0;Literatur der DDR;;;;;;;;;1;;;;;;;
2006;Iphigenie auf Tauris;Goethe;Johann Wolfgang;m;1779;1779;0;Weimarer Klassik;;;;1;;;;;;;;;;;;
2007;Iphigenie auf Tauris;Goethe;Johann Wolfgang;m;1779;1779;0;Weimarer Klassik;;;;;;1;;;;;;;;;;
2011;Iphigenie auf Tauris;Goethe;Johann Wolfgang;m;1779;1779;0;Weimarer Klassik;;;;;1;;;;;;;;;;;
2012;Iphigenie auf Tauris;Goethe;Johann Wolfgang;m;1779;1779;0;Weimarer Klassik;;;;;1;;;;;;;;;;;
2013;Iphigenie auf Tauris;Goethe;Johann Wolfgang;m;1779;1779;0;Weimarer Klassik;;;;;1;;;;;1;;;;;;
2014;Iphigenie auf Tauris;Goethe;Johann Wolfgang;m;1779;1779;0;Weimarer Klassik;;;;;;;;;;1;;;;;;
2015;Iphigenie auf Tauris;Goethe;Johann Wolfgang;m;1779;1779;0;Weimarer Klassik;;;;;;;;;;1;;;;;;
2021;Iphigenie auf Tauris;Goethe;Johann Wolfgang;m;1779;1779;0;Weimarer Klassik;;;;;;;;;1;;;;;;;
2022;Iphigenie auf Tauris;Goethe;Johann Wolfgang;m;1779;1779;0;Weimarer Klassik;;;1;1;;;;;;;;;;;;
2009;Irrungen, Wirrungen;Fontane;Theodor;m;1888;1888;0;Realismus;;;;;;;1;;;;;;;;;
2010;Irrungen, Wirrungen;Fontane;Theodor;m;1888;1888;0;Realismus;;;;;;;1;;;;;;;;;
2011;Irrungen, Wirrungen;Fontane;Theodor;m;1888;1888;0;Realismus;;;;;;;1;;;;;;;;;
2012;Irrungen, Wirrungen;Fontane;Theodor;m;1888;1888;0;Realismus;;;;;;;1;;;;;;;;;
2013;Irrungen, Wirrungen;Fontane;Theodor;m;1888;1888;0;Realismus;;;;;;;1;;;;;;;;;
2018;Irrungen, Wirrungen;Fontane;Theodor;m;1888;1888;0;Realismus;;;;;;;;;1;;;;;;;
2021;Italienische Reise;Goethe;Johann Wolfgang;m;1816/17;1816;0;Weimarer Klassik, Sturm und Drang;;;;;;;;;1;;;;;;;
2009;Jakob der Lügner;Becker;Jurek;m;1969;1969;0;Literatur der DDR;;;;;;;;;;;;;1;;;
2010;Jakob der Lügner;Becker;Jurek;m;1969;1969;0;Literatur der DDR;;;;;;;;;;;;;1;;;
2011;Jakob der Lügner;Becker;Jurek;m;1969;1969;0;Literatur der DDR;;;;;;;;;;;;;1;;;
2012;Jakob der Lügner;Becker;Jurek;m;1969;1969;0;Literatur der DDR;;;;;;;;;;;;;1;;;
2013;Jakob der Lügner;Becker;Jurek;m;1969;1969;0;Literatur der DDR;;;;;;;;;;;;;1;;;
2014;Jakob der Lügner;Becker;Jurek;m;1969;1969;0;Literatur der DDR;;;;;;;;;;;;;1;;;
2015;Jakob der Lügner;Becker;Jurek;m;1969;1969;0;Literatur der DDR;;;;;;;;;;;;;1;;;
2016;Jakob der Lügner;Becker;Jurek;m;1969;1969;0;Literatur der DDR;;;;;;;;;;;;;1;;;
2018;Jakob der Lügner;Becker;Jurek;m;1969;1969;0;Literatur der DDR;;;;;1;;;;;;;;;;;
2019;Jakob der Lügner;Becker;Jurek;m;1969;1969;0;Literatur der DDR;;;;;1;;;;;;;;;;;
2020;Jakob der Lügner;Becker;Jurek;m;1969;1969;0;Literatur der DDR;;;;;1;;;;;;;;;;;
2015;König Ödipus;Sophokles;nan;m;429-425 BC;0;0;Klassik;;;;;;1;;;;;;;;;;
2016;König Ödipus;Sophokles;nan;m;429-425 BC;0;0;Klassik;;;;;;1;;;;;;;;;;
2007;Kabale und Liebe;Schiller;Friedrich;m;1784;1784;0;Sturm und Drang;;;;;;1;;;;;;;;;;
2008;Kabale und Liebe;Schiller;Friedrich;m;1784;1784;0;Sturm und Drang;;;;;1;;;;;;;;;;;
2013;Kabale und Liebe;Schiller;Friedrich;m;1784;1784;0;Sturm und Drang;;;;;;;;;1;;;;;;;
2014;Kabale und Liebe;Schiller;Friedrich;m;1784;1784;0;Sturm und Drang;;;;;;;;;;1;;;;;;
2015;Kabale und Liebe;Schiller;Friedrich;m;1784;1784;0;Sturm und Drang;;;;;;;;;;1;;;;;;
2016;Kabale und Liebe;Schiller;Friedrich;m;1784;1784;0;Sturm und Drang;;;;;;;;;;1;;;;;;
2023;Kabale und Liebe;Schiller;Friedrich;m;1784;1784;0;Sturm und Drang;;;;;;;1;;;;;;;;;
2024;Kabale und Liebe;Schiller;Friedrich;m;1784;1784;0;Sturm und Drang;;;;;;;1;;;;;;;;1;
2025;Kabale und Liebe;Schiller;Friedrich;m;1784;1784;0;Sturm und Drang;;;;;;;;;;;;;;;1;
2026;Kabale und Liebe;Schiller;Friedrich;m;1784;1784;0;Sturm und Drang;;;;;;;;;;;;;;;1;
2007;Kaspar Hauser Lied;Trakl;Georg;m;1913;1913;0;Expressionismus;;;;;;;;;1;;;;;;;
2006;Katz und Maus;Grass;Günter;m;1961;1961;0;Nachkriegsliteratur;;;;1;;1;;;;;;;;;;
2022;Katz und Maus;Grass;Günter;m;1961;1961;0;Nachkriegsliteratur;;;;;;;;;1;;;;;;;
2015;Klein Zaches genannt Zinnober;Hoffmann;E.T.A.;m;1819;1819;1;Romantik;;;1;1;;;;;;;;;;;;
2016;Klein Zaches genannt Zinnober;Hoffmann;E.T.A.;m;1819;1819;1;Romantik;;;1;1;;;;;;;;;;;;
2014;Kleiner Mann - was nun?;Fallada;Hans;m;1932;1932;0;Neue Sachlichkeit;;;;;1;;;;;;;;;;;
2015;Kleiner Mann - was nun?;Fallada;Hans;m;1932;1932;0;Neue Sachlichkeit;;;;;1;;;;;;;;;;;
2016;Kleiner Mann - was nun?;Fallada;Hans;m;1932;1932;0;Neue Sachlichkeit;;;;;1;;;;;;;;;;;
2020;Kleiner Mann - was nun?;Fallada;Hans;m;1932;1932;0;Neuen Sachlichkeit;;;;;;;;;1;;;;;;;
2017;Landnahme;Hein;Christoph;m;2004;2004;0;Postmoderne, Gegenwartsliteratur;;;;;;;;;;;;;1;;;
2018;Landnahme;Hein;Christoph;m;2004;2004;0;Postmoderne, Gegenwartsliteratur;;;;;;;;;;;;;1;;;
2019;Landnahme;Hein;Christoph;m;2004;2004;0;Postmoderne, Gegenwartsliteratur;;;;;;;;;;;;;1;;;
2020;Landnahme;Hein;Christoph;m;2004;2004;0;Gegenwartsliteratur;;;;;;;;;;;;;1;;;
2021;Landnahme;Hein;Christoph;m;2004;2004;0;Gegenwartsliteratur;;;;;;;;;;;;;1;;;
2022;Landnahme;Hein;Christoph;m;2004;2004;0;Gegenwartsliteratur;;;;;;;;;;;;;1;;;
2023;Landnahme;Hein;Christoph;m;2004;2004;0;Gegenwartsliteratur;;;;;;;;;;;;;1;;;
2024;Landnahme;Hein;Christoph;m;2004;2004;0;Gegenwartsliteratur;;;;;;;;;;;;;1;;;
2025;Landnahme;Hein;Christoph;m;2004;2004;0;Gegenwartsliteratur;;;;;;;;;;;;;1;;;
2026;Landnahme;Hein;Christoph;m;2004;2004;0;Gegenwartsliteratur;;;;;;;;;;;;;1;;;
2009;Lass rauschen, Lieb, lass rauschen;Arnim;Achim;m;1806;1806;0;Romantik;;;;;;;;;1;;;;;;;
2006;Leben des Galilei;Brecht;Bertolt;m;1943;1943;0;Exilliteratur;;;;;;;;;;;;;1;;;
2007;Leben des Galilei;Brecht;Bertolt;m;1943;1943;0;Exilliteratur;;;;;;;1;;;;;;1;;;
2008;Leben des Galilei;Brecht;Bertolt;m;1943;1943;0;Exilliteratur;;;;;;;1;;;;;;;;;
2009;Leben des Galilei;Brecht;Bertolt;m;1943;1943;0;Exilliteratur;;;;;;;1;;;;;;;;;
2010;Leben des Galilei;Brecht;Bertolt;m;1943;1943;0;Exilliteratur;;;;;;;1;;;;;;;;;
2011;Leben des Galilei;Brecht;Bertolt;m;1943;1943;0;Exilliteratur;;;;;;;1;;;;;;;;;
2012;Leben des Galilei;Brecht;Bertolt;m;1943;1943;0;Exilliteratur;;;;;;;1;;;;;;;;;
2021;Leben des Galilei;Brecht;Bertolt;m;1943;1943;0;Exilliteratur ;1;;;;;;;;;;;;;;;
2022;Leben des Galilei;Brecht;Bertolt;m;1943;1943;0;Exilliteratur ;1;;;;;;;;;;;;;;;
2023;Leben des Galilei;Brecht;Bertolt;m;1943;1943;0;Exilliteratur ;1;;;;;;;;;;;;;;;
2024;Leben des Galilei;Brecht;Bertolt;m;1943;1943;0;Exilliteratur ;1;;;;;;;;;;;;;;;
2025;Leben des Galilei;Brecht;Bertolt;m;1943;1943;0;Exilliteratur ;1;;;;;;;;;;;;;;;
2007;Lenz;Büchner;Georg;m;1839;1839;0;Vormärz;;;;;;;;;1;;;;;;;
2008;Lenz;Büchner;Georg;m;1839;1839;0;Vormärz;;;;;;;;;1;;;;;;;
2009;Lenz;Büchner;Georg;m;1839;1839;0;Vormärz;;;;;1;;;;;;;;;;;
2010;Lenz;Büchner;Georg;m;1839;1839;0;Vormärz;;;;;1;;;;;;;;;;;
2014;Lenz;Büchner;Georg;m;1839;1839;0;Vormärz;;;;;;;1;;;;;;;;;
2015;Lenz;Büchner;Georg;m;1839;1839;0;Vormärz;;;;;;;1;;;;;;;;;
2016;Lenz;Büchner;Georg;m;1839;1839;0;Vormärz;;;;;;;1;;;;;;;;;
2017;Lenz;Büchner;Georg;m;1839;1839;0;Vormärz;;;;;;;1;;;;;;;;;
2018;Lenz;Büchner;Georg;m;1839;1839;0;Vormärz;;;;;;;1;;;;;;;;;
2009;Lenz;Schneider;Peter;m;1973;1973;0;Gegenwartsliteratur;;;;;1;;;;;;;;;;;
2010;Lenz;Schneider;Peter;m;1973;1973;0;Gegenwartsliteratur;;;;;1;;;;;;;;;;;
2009;Leonce und Lena;Büchner;Georg;m;1836;1836;0;Vormärz;;;;;1;;;;;;;;;;;
2010;Leonce und Lena;Büchner;Georg;m;1836;1836;0;Vormärz;;;;;1;;;;;;;;;;;
2024;Leonce und Lena;Büchner;Georg;m;1836;1836;0;Vormärz;;;;;;;;;1;;;;;;;
2006;Linguistik;Domin;Hilde;f;1962;1962;0;Exilliteratur;;;;;;;;;1;;;;;;;
2011;Lob des Lernens;Brecht;Bertolt;m;1932;1932;0;Neue Sachlichkeit;;;;;;;;;1;;;;;;;
2011;Lob des Zweifels;Brecht;Bertolt;m;1938;1938;0;Neue Sachlichkeit;;;;;;;;;1;;;;;;;
2010;Maifest;Goethe;Johann Wolfgang;m;1775;1775;0;Sturm und Drang;;;;;;;;;1;;;;;;;
2013;Man frage nicht;Kraus;Karl;m;1933;1933;0;Exilliteratur;;;;;;1;;;;;;;;;;
2014;Man frage nicht;Kraus;Karl;m;1933;1933;0;Exilliteratur;;;;;;1;;;;;;;;;;
2020;Maria Magdalena;Hebbel;Friedrich;m;1844;1844;0;Realismus;;;;;;1;;;;;;;;;;
2019;Maria Magdalena;Hebbel;Friedrich;m;1844;1844;0;Realismus;;;;;;1;;;;;;;;;;
2008;Maria Stuart;Schiller;Friedrich;m;1800;1800;0;Weimarer Klassik;;;;;;1;;;;;;;;;;
2009;Maria Stuart;Schiller;Friedrich;m;1800;1800;0;Weimarer Klassik;;;;;;;1;;;;;;1;;;
2010;Maria Stuart;Schiller;Friedrich;m;1800;1800;0;Weimarer Klassik;;;;;;;1;;;;;;1;;;
2011;Maria Stuart;Schiller;Friedrich;m;1800;1800;0;Weimarer Klassik;;;;;1;;1;;;;;;1;;;
2012;Maria Stuart;Schiller;Friedrich;m;1800;1800;0;Weimarer Klassik;;;;;1;;1;;;;;;1;;;
2013;Maria Stuart;Schiller;Friedrich;m;1800;1800;0;Weimarer Klassik;;;;;1;;;;;;;;1;;;
2014;Maria Stuart;Schiller;Friedrich;m;1800;1800;0;Weimarer Klassik;;;;;;;;;;;;;1;;;
2015;Maria Stuart;Schiller;Friedrich;m;1800;1800;0;Weimarer Klassik;;;;;;;;;;;;;1;;;
2016;Maria Stuart;Schiller;Friedrich;m;1800;1800;0;Weimarer Klassik;;;;;;;;;;;;;1;;;
2017;Maria Stuart;Schiller;Friedrich;m;1800;1800;0;Weimarer Klassik;;;;;;;;;;;;;1;;;
2018;Maria Stuart;Schiller;Friedrich;m;1800;1800;0;Weimarer Klassik;;;;;;;;;;;;;1;;;
2019;Maria Stuart;Schiller;Friedrich;m;1800;1800;0;Weimarer Klassik;;;;;;;;;;;;;1;;;
2020;Maria Stuart;Schiller;Friedrich;m;1800;1800;0;Weimarer Klassik;;;;;;;;;;;;;1;;;
2021;Maria Stuart;Schiller;Friedrich;m;1800;1800;0;Weimarer Klassik;;;;;;;;;;;;;1;;;
2022;Maria Stuart;Schiller;Friedrich;m;1800;1800;0;Weimarer Klassik;;;1;1;;;;;;;;;1;;;
2023;Maria Stuart;Schiller;Friedrich;m;1800;1800;0;Weimarer Klassik;;;;;;;;;;;;;1;;;
2024;Maria Stuart;Schiller;Friedrich;m;1800;1800;0;Weimarer Klassik;;;;;;;;;;;;;1;;1;
2025;Maria Stuart;Schiller;Friedrich;m;1800;1800;0;Weimarer Klassik;;;;;;;;;;;;;1;;1;
2026;Maria Stuart;Schiller;Friedrich;m;1800;1800;0;Weimarer Klassik;;;;;;;;;;;;;1;;1;
2006;Mario und der Zauberer;Mann;Thomas;m;1929;1929;0;Neue Sachlichkeit;;;;;;1;;;;;;;1;;;
2013;Mario und der Zauberer;Mann;Thomas;m;1929;1929;0;Neue Sachlichkeit;;;;;;;1;;;1;;;;;;
2014;Mario und der Zauberer;Mann;Thomas;m;1929;1929;0;Neue Sachlichkeit;;;;;;;1;;;1;;;;;;
2015;Mario und der Zauberer;Mann;Thomas;m;1929;1929;0;Neue Sachlichkeit;;;;;;;1;;;;;;;;;
2021;Mario und der Zauberer;Mann;Thomas;m;1929;1929;0;Neue Sachlichkeit;1;;;;;;;;;;;;;;;
2022;Mario und der Zauberer;Mann;Thomas;m;1929;1929;0;Neue Sachlichkeit;1;;;;;;1;;;;;;;;;
2023;Mario und der Zauberer;Mann;Thomas;m;1929;1929;0;Neue Sachlichkeit;1;;;;;;;;1;;;;;;;
2024;Mario und der Zauberer;Mann;Thomas;m;1929;1929;0;Neue Sachlichkeit;1;;;;;;;;;;;;;;;
2025;Mario und der Zauberer;Mann;Thomas;m;1929;1929;0;Neue Sachlichkeit;1;;;;;;;;;;;;;;;
2026;Mario und der Zauberer;Mann;Thomas;m;1929;1929;0;Neue Sachlichkeit;1;;;;1;;;;;;;;;;;
2014;Masse-Mensch;Toller;Ernst;m;1920;1920;0;Expressionismus;;;;;1;;;;;;;;;;;
2015;Masse-Mensch;Toller;Ernst;m;1920;1920;0;Expressionismus;;;;;1;;;;;;;;;;;
2016;Masse-Mensch;Toller;Ernst;m;1920;1920;0;Expressionismus;;;;;1;;;;;;;;;;;
2006;Mathilde Möhring;Fontane;Theodor;m;1906;1906;0;Realismus;;;;;;;;;1;;;;;;;
2007;Mathilde Möhring;Fontane;Theodor;m;1906;1906;0;Realismus;;;;;;1;;;;;;;;;;
2017;Medea;Euripides;nan;m;431 BC;0;0;Antike;;;;;;;;;;;;;1;;;
2018;Medea;Euripides;nan;m;431 BC;0;0;Antike;;;;;;;;;;;;;1;;;
2019;Medea;Euripides;nan;m;431 BC;0;0;Antike;;;;;;;;;;;;;1;;;
2020;Medea;Euripides;nan;m;431 BC;0;0;Antike;;;;;;;;;;;;;1;;;
2021;Medea;Euripides;nan;m;431 BC;0;0;Antike;;;;;;;;;;;;;1;;;
2022;Medea;Euripides;nan;m;431 BC;0;0;Antike;;;;;;;;;;;;;1;;;
2023;Medea;Euripides;nan;m;431 BC;0;0;Antike;;;;;;;;;;;;;1;;;
2024;Medea;Euripides;nan;m;431 BC;0;0;Antike;;;;;;;;;;;;;1;;;
2025;Medea;Euripides;nan;m;431 BC;0;0;Antike;;;;;;;;;;;;;1;;;
2026;Medea;Euripides;nan;m;431 BC;0;0;Antike;;;;;;;;;;;;;1;;;
2007;Medea. Stimmen;Wolf;Christa;f;1996;1996;0;Gegenwartsliteratur;;;;;;;;;1;;;;;;;
2009;Medea. Stimmen;Wolf;Christa;f;1996;1996;0;Gegenwartsliteratur;;;;;;;1;;;;;;;;;
2010;Medea. Stimmen;Wolf;Christa;f;1996;1996;0;Gegenwartsliteratur;;;;;;;1;;;;;;;;;
2011;Medea. Stimmen;Wolf;Christa;f;1996;1996;0;Gegenwartsliteratur;;;;;;;1;;;;;;;;;
2012;Medea. Stimmen;Wolf;Christa;f;1996;1996;0;Gegenwartsliteratur;;;;;;;1;;;;;;;;;
2013;Medea. Stimmen;Wolf;Christa;f;1996;1996;0;Gegenwartsliteratur;;;;;;;1;;;;;;;;;
2014;Medea. Stimmen;Wolf;Christa;f;1996;1996;0;Gegenwartsliteratur;;;;;;;1;;;;;;;;;
2015;Medea. Stimmen;Wolf;Christa;f;1996;1996;0;Gegenwartsliteratur;;;;;;;1;;;;;;;;;
2017;Medea. Stimmen;Wolf;Christa;f;1996;1996;0;Gegenwartsliteratur;;;;;;;;;;;;;1;;;
2018;Medea. Stimmen;Wolf;Christa;f;1996;1996;0;Gegenwartsliteratur;;;;;;;;;;;;;1;;;
2019;Medea. Stimmen;Wolf;Christa;f;1996;1996;0;Gegenwartsliteratur;;;;;;;;;;;;;1;;;
2020;Medea. Stimmen;Wolf;Christa;f;1996;1996;0;Gegenwartsliteratur;;;;;;;;;;;;;1;;;
2021;Medea. Stimmen;Wolf;Christa;f;1996;1996;0;Gegenwartsliteratur;;;;;;;;;;;;;1;;;
2022;Medea. Stimmen;Wolf;Christa;f;1996;1996;0;Gegenwartsliteratur;;;;;;;;;;;;;1;;;
2023;Medea. Stimmen;Wolf;Christa;f;1996;1996;0;Gegenwartsliteratur;;;;;;;;;;;;;1;;;
2024;Medea. Stimmen;Wolf;Christa;f;1996;1996;0;Gegenwartsliteratur;;;;;;;;;;;;;1;;;
2025;Medea. Stimmen;Wolf;Christa;f;1996;1996;0;Gegenwartsliteratur;;;;;;;;;;;;;1;;;
2026;Medea. Stimmen;Wolf;Christa;f;1996;1996;0;Gegenwartsliteratur;;;;;;;;;;;;;1;;;
2014;Mein blaues Klavier;Lasker-Schüler;Else;f;1943;1943;0;Expressionismus;;;;;;1;;;;;;;;;;
2021;Meine Emancipation;Aston;Louise;f;1846;1846;0;Vormärz;;;;;1;;;;;;;;;;;
2022;Meine Emancipation;Aston;Louise;f;1846;1846;0;Vormärz;;;;;1;;;;;;;;;;;
2023;Meine Emancipation;Aston;Louise;f;1846;1846;0;Vormärz;;;;;1;;;;;;;;;;;
2006;Mephisto;Mann;Klaus;m;1936;1936;0;Exilliteratur;;;;;;;;;;;;;1;;;
2020;Michael Kohlhaas;Kleist;Heinrich;m;1810;1810;0;Weimarer Klassik, Romantik;;;;;1;;1;;;;;;;;;
2026;Michael Kohlhaas;Kleist;Heinrich;m;1810;1810;0;Weimarer Klassik, Romantik;;;;;;;;;;;;;;;1;
2007;Michael Kohlhaas;Kleist;Heinrich;m;1810;1810;0;Weimarer Klassik, Romantik;;;;;;1;;;;;;;1;;;
2009;Michael Kohlhaas;Kleist;Heinrich;m;1810;1810;0;Weimarer Klassik, Romantik;;;;;;;;;;;;;1;;;
2017;Michael Kohlhaas;Kleist;Heinrich;m;1810;1810;0;Weimarer Klassik, Romantik;;;;;;1;;;;;;;;;;
2018;Michael Kohlhaas;Kleist;Heinrich;m;1810;1810;0;Weimarer Klassik, Romantik;;;;;1;1;;;;;;;;;;
2019;Michael Kohlhaas;Kleist;Heinrich;m;1810;1810;0;Weimarer Klassik, Romantik;;;;;1;;1;;;;;;;;;
2021;Michael Kohlhaas;Kleist;Heinrich;m;1810;1810;0;Weimarer Klassik, Romantik;;;;;;;1;;;;;;;;;
2010;Willkommen und Abschied;Goethe;Johann Wolfgang;m;1775;1775;0;Sturm und Drang;;;;;;;;;1;;;;;;;
2024;Miss Sara Sampson;Lessing;Gotthold Ephraim;m;1755;1755;0;Aufklärung, Empfindsamkeit;;;;;1;;;;;;;;;;;
2025;Miss Sara Sampson;Lessing;Gotthold Ephraim;m;1755;1755;0;Aufklärung, Empfindsamkeit;;;;;1;;;;;;;;;;;
2026;Miss Sara Sampson;Lessing;Gotthold Ephraim;m;1755;1755;0;Aufklärung, Empfindsamkeit;;;;;1;;;;;;;;;;;
2009;Mondnacht;Eichendorff;Joseph;m;1837;1837;0;Romantik;;;;;;;;;1;;;;;;;
2011;Mutterliebe;Kleist;Heinrich;m;1811;1811;0;Weimarer Klassik, Romantik;;;;;;;;;1;;;;;;;
2026;Nach Mitternacht;Keun;Irmgard;f;1937;1937;0;Exilliteratur;;;;;1;;;;;;;;;;;
2007;Nachtcafé;Benn;Gottfried;m;1912;1912;0;Expressionismus;;;;;;;;;1;;;;;;;
2023;Nachts ist es leise in Teheran;Bazyar;Shida;f;2016;2016;0;Gegenwartsliteratur;;;;;1;;;;;;;;;;;
2024;Nachts ist es leise in Teheran;Bazyar;Shida;f;2016;2016;0;Gegenwartsliteratur;;;;;1;;;;;;;;;;;
2025;Nachts ist es leise in Teheran;Bazyar;Shida;f;2016;2016;0;Gegenwartsliteratur;;;;;1;;;;;;;;;;;
2015;Nathan der Weise;Lessing;Gotthold Ephraim;m;1779;1779;0;Aufklärung;;;1;1;;;;;;;;;;;;
2016;Nathan der Weise;Lessing;Gotthold Ephraim;m;1779;1779;0;Aufklärung;;;1;1;;;;;;;;;;;;
2019;Nathan der Weise;Lessing;Gotthold Ephraim;m;1779;1779;0;Aufklärung;;;;;;;;;1;;;;;;;
2021;Nathan der Weise;Lessing;Gotthold Ephraim;m;1779;1779;0;Aufklärung;;;;;;;;;;1;;;;;;
2022;Nathan der Weise;Lessing;Gotthold Ephraim;m;1779;1779;0;Aufklärung;;;;;;;;;;1;;1;;;;
2023;Nathan der Weise;Lessing;Gotthold Ephraim;m;1779;1779;0;Aufklärung;;;;;;;;;;1;;1;;;;
2009;Penthesilea;Kleist;Heinrich;m;1808;1808;0;Weimarer Klassik, Romantik;;;;;;1;;;;;;;;;;
2015;Peter Schlemihls wundersame Geschichte;Chamisso;Adelbert;m;1813;1813;1;Romantik;;;;;1;;;;;;;;;;;
2016;Peter Schlemihls wundersame Geschichte;Chamisso;Adelbert;m;1813;1813;1;Romantik;;;;;1;;;;;;;;;;;
2017;Peter Schlemihls wundersame Geschichte;Chamisso;Adelbert;m;1813;1813;1;Romantik;;;;;1;;;;;;;;;;;
2009;Prinz Friedrich von Homburg;Kleist;Heinrich;m;1821;1821;0;Weimarer Klassik, Romantik;;;;;;1;;;;;;;;;;
2013;Prinz Friedrich von Homburg;Kleist;Heinrich;m;1821;1821;0;Weimarer Klassik, Romantik;;;;;;;1;;;1;;;;;;
2014;Prinz Friedrich von Homburg;Kleist;Heinrich;m;1821;1821;0;Weimarer Klassik, Romantik;;;;;;;1;;;;;;;;;
2015;Prinz Friedrich von Homburg;Kleist;Heinrich;m;1821;1821;0;Weimarer Klassik, Romantik;;;;;;;1;;;;;;;;;
2016;Prinz Friedrich von Homburg;Kleist;Heinrich;m;1821;1821;0;Weimarer Klassik, Romantik;;;;;;;1;;;;;;;;;
2017;Prinz Friedrich von Homburg;Kleist;Heinrich;m;1821;1821;0;Weimarer Klassik, Romantik;;;;;;;1;;;;;;;;;
2018;Prinz Friedrich von Homburg;Kleist;Heinrich;m;1821;1821;0;Weimarer Klassik, Romantik;;;;;;;1;;;;;;;;;
2008;Professor Unrat;Mann;Heinrich;m;1905;1905;0;Naturalismus, Expressionismus;;;;;;1;;;;;;;;;;
2006;Prometheus;Goethe;Johann Wolfgang;m;1785;1785;0;Sturm und Drang;;;;;;;;;1;;;;;;;
2013;Räuberbande;Heinrich;Finn-Ole;m;2007;2007;0;Gegenwartsliteratur;;;;;;1;;;;;;;;;;
2014;Räuberbande;Heinrich;Finn-Ole;m;2007;2007;0;Gegenwartsliteratur;;;;;;1;;;;;;;;;;
2012;Römische Elegien;Goethe;Johann Wolfgang;m;1795;1795;0;Weimarer Klassik;;;;;;;;;1;;;;;;;
2021;Römische Elegien;Goethe;Johann Wolfgang;m;1795;1795;0;Weimarer Klassik;;;;;;;;;1;;;;;;;
2007;Schachnovelle;Zweig;Stefan;m;1942;1942;0;Exilliteratur;;;;;;;;;;;;;1;;;
2009;Schachnovelle;Zweig;Stefan;m;1942;1942;0;Exilliteratur;;;;;;;;;;;;;1;;;
2007;Schlechte Zeiten für Lyrik;Brecht;Bertolt;m;1939;1939;0;Exilliteratur;;;;;;;;;1;;;;;;;
2013;Schlechte Zeiten für Lyrik;Brecht;Bertolt;m;1939;1939;0;Exilliteratur;;;;;;1;;;;;;;;;;
2014;Schlechte Zeiten für Lyrik;Brecht;Bertolt;m;1939;1939;0;Exilliteratur;;;;;;1;;;;;;;;;;
2008;Seeschlacht;Goering;Reinhard;m;1918;1918;0;Expressionismus;;;;;1;;;;;;;;;;;
2009;Seeschlacht;Goering;Reinhard;m;1918;1918;0;Expressionismus;;;;;1;;;;;;;;;;;
2019;Sommerhaus, später;Hermann;Judith;f;1998;1998;0;Gegenwartsliteratur;;;;;;;;;;1;;;;;;
2006;Sprachgitter;Celan;Paul;m;1959;1959;0;Nachkriegsliteratur;;;;;;;;;1;;;;;;;
2023;Tauben fliegen auf;Abonji;Melinda Nadj;f;2010;2010;0;Gegenwartsliteratur;;;;;1;;;;;;;;;;;
2024;Tauben fliegen auf;Abonji;Melinda Nadj;f;2010;2010;0;Gegenwartsliteratur;;;;;1;;;;;;;;;;;
2025;Tauben fliegen auf;Abonji;Melinda Nadj;f;2010;2010;0;Gegenwartsliteratur;;;;;1;;;;;;;;;;;
2009;Tauben im Gras;Koeppen;Wolfgang;m;1951;1951;0;Trümmerliteratur, Nachkriegsliteratur;;;;;;1;;;;;;;;;;
2013;Tauben im Gras;Koeppen;Wolfgang;m;1951;1951;0;Trümmerliteratur, Nachkriegsliteratur;;;;;;;;;;1;;;;;;
2014;Tauben im Gras;Koeppen;Wolfgang;m;1951;1951;0;Trümmerliteratur, Nachkriegsliteratur;;;;;;;;;;1;;;;;;
2015;Tauben im Gras;Koeppen;Wolfgang;m;1951;1951;0;Trümmerliteratur, Nachkriegsliteratur;;;;;;;;;;1;;;;;;
2022;Terror;Schirach;Ferdinand;m;2015;2015;0;Gegenwartsliteratur;;;;;;;;;;;;1;;;;
2023;Terror;Schirach;Ferdinand;m;2015;2015;0;Gegenwartsliteratur;;;;;;;;;;;;1;;;;
2006;Tod in Venedig;Mann;Thomas;m;1912;1912;0;Impressionismus, Moderne, Symbolismus;;;;;;1;;;;;;;1;;;
2009;Tonio Kröger;Mann;Thomas;m;1903;1903;0;Moderne;;;;;;;;;;;;;1;;;
2010;Tonio Kröger;Mann;Thomas;m;1903;1903;0;Moderne;;;;;;;;;;;;;1;;;
2011;Tonio Kröger;Mann;Thomas;m;1903;1903;0;Moderne;;;;;;;;;;;;;1;;;
2012;Tonio Kröger;Mann;Thomas;m;1903;1903;0;Moderne;;;;;;;;;;;;;1;;;
2006;Top Dogs;Widmer;Urs;m;1997;1997;0;Postmoderne, Gegenwartsliteratur;;;;;;;;;1;;;;;;;
2021;Transit;Seghers;Anna;f;1944;1944;0;Exilliteratur;;;;;;1;;;;;;;;;;
2022;Transit;Seghers;Anna;f;1944;1944;0;Exilliteratur;;;;;;1;;;;;;;;;;
2012;Under der linden;von der Vogelweide;Walther;m;1200;1200;0;Hochmittelalter;;;;;;;;;1;;;;;;;
2013;Undine;de la Motte Fouqué;Friedrich;m;1811;1811;1;Romantik;;;;;;;;;;;;;1;;;
2014;Undine;de la Motte Fouqué;Friedrich;m;1811;1811;1;Romantik;;;;;;;;;;;;;1;;;
2015;Undine;de la Motte Fouqué;Friedrich;m;1811;1811;1;Romantik;;;;;;;;;;;;;1;;;
2016;Undine;de la Motte Fouqué;Friedrich;m;1811;1811;1;Romantik;;;;;;;;;;;;;1;;;
2017;Undine;de la Motte Fouqué;Friedrich;m;1811;1811;1;Romantik;;;;;;;;;;;;;1;;;
2018;Undine;de la Motte Fouqué;Friedrich;m;1811;1811;1;Romantik;;;;;;;;;;;;;1;;;
2019;Undine;de la Motte Fouqué;Friedrich;m;1811;1811;1;Romantik;;;;;;;;;;;;;1;;;
2020;Undine;de la Motte Fouqué;Friedrich;m;1811;1811;1;Romantik;;;;;;;;;;;;;1;;;
2021;Undine;de la Motte Fouqué;Friedrich;m;1811;1811;1;Romantik;;;;;;;;;;;;;1;;;
2022;Undine;de la Motte Fouqué;Friedrich;m;1811;1811;1;Romantik;;;;;;;;;;;;;1;;;
2023;Undine;de la Motte Fouqué;Friedrich;m;1811;1811;1;Romantik;;;;;;;;;;;;;1;;;
2024;Undine;de la Motte Fouqué;Friedrich;m;1811;1811;1;Romantik;;;;;;;;;;;;;1;;;
2025;Undine;de la Motte Fouqué;Friedrich;m;1811;1811;1;Romantik;;;;;;;;;;;;;1;;;
2026;Undine;de la Motte Fouqué;Friedrich;m;1811;1811;1;Romantik;;;;;;;;;;;;;1;;;
2022;Unter der Drachenwand;Geiger;Arno;m;2018;2018;0;Gegenwartsliteratur;;;;;;;;;1;1;;;;;;
2023;Unter der Drachenwand;Geiger;Arno;m;2018;2018;0;Gegenwartsliteratur;;;;;;;;;;1;;;;;;
2024;Unter der Drachenwand;Geiger;Arno;m;2018;2018;0;Gegenwartsliteratur;;;;;;;;;;1;;;;;;
2025;Unter der Drachenwand;Geiger;Arno;m;2018;2018;0;Gegenwartsliteratur;;;;;;;;;;1;;;;;;
2017;Verbrechen;Schirach;Ferdinand;m;2009;2009;0;Gegenwartsliteratur;;;;;;1;;;;;;;;;;
2018;Verbrechen;Schirach;Ferdinand;m;2009;2009;0;Gegenwartsliteratur;;;;;;1;;;;;;;;;;
2010;Von deutscher Baukunst;Goethe;Johann Wolfgang;m;1772;1772;0;Sturm und Drang;;;;;;;;;1;;;;;;;
2014;Von morgens bis mitternachts;Kaiser;Georg;m;2011;2011;0;Expressionismus;;;;;1;;;;;;;;;;;
2015;Von morgens bis mitternachts;Kaiser;Georg;m;2011;2011;0;Expressionismus;;;;;1;;;;;;;;;;;
2016;Von morgens bis mitternachts;Kaiser;Georg;m;2011;2011;0;Expressionismus;;;;;1;;;;;;;;;;;
2020;Vor dem Fest;Stanisic;Sasa;m;2014;2014;0;Gegenwartsliteratur;;;;;;1;;;;;;;;;;
2019;Vor dem Fest;Stanisic;Sasa;m;2014;2014;0;Gegenwartsliteratur;;;;;;1;;;;;;;;;;
2009;Vor Sonnenaufgang;Hauptmann;Gerhart;m;1889;1889;0;Naturalismus;;;;;;1;;;;;;;;;;
2009;Wünschelrute;Eichendorff;Joseph;m;1835;1835;0;Romantik;;;;;;;;;1;;;;;;;
2021;Weh dem, der aus der Reihe tanzt;Harig;Ludwig;m;1990;1990;0;Gegenwartsliteratur;;;;;;;;;;;;1;;;;
2013;Woyzeck;Büchner;Georg;m;1836;1836;0;Vormärz;;;;;;;1;;;1;;;;;;
2020;Woyzeck;Büchner;Georg;m;1836;1836;0;Vormärz, Realismus, Naturalismus;;;;;;;1;;;;;;;;;
2021;Woyzeck;Büchner;Georg;m;1836;1836;0;Vormärz, Realismus, Naturalismus;;;;;1;;1;;;;;;;;;
2022;Woyzeck;Büchner;Georg;m;1836;1836;0;Vormärz, Realismus, Naturalismus;;;;;1;;1;;;;;;;;;
2023;Woyzeck;Büchner;Georg;m;1836;1836;0;Vormärz, Realismus, Naturalismus;1;;1;1;1;1;;;;;;;1;;;
2024;Woyzeck;Büchner;Georg;m;1836;1836;0;Vormärz, Realismus, Naturalismus;1;;1;1;;1;1;;;1;;;1;;1;
2025;Woyzeck;Büchner;Georg;m;1836;1836;0;Vormärz, Realismus, Naturalismus;1;;1;1;;1;1;;1;1;;;;;1;
2026;Woyzeck;Büchner;Georg;m;1836;1836;0;Vormärz, Realismus, Naturalismus;1;;;;;;1;;;;;;1;;1;
2006;Woyzeck;Büchner;Georg;m;1836;1836;0;Vormärz;;;;;;;;;;;;;1;;;
2007;Woyzeck;Büchner;Georg;m;1836;1836;0;Vormärz;;;;;;;1;;1;;;;1;;;
2008;Woyzeck;Büchner;Georg;m;1836;1836;0;Vormärz;;;;;;;1;;1;;;;;;;
2009;Woyzeck;Büchner;Georg;m;1836;1836;0;Vormärz;;;;;1;;1;;;;;;1;;;
2010;Woyzeck;Büchner;Georg;m;1836;1836;0;Vormärz;;;;;1;1;;;;;;;;;;
2011;Woyzeck;Büchner;Georg;m;1836;1836;0;Vormärz;;;;;;;1;;;;;;;;;
2012;Woyzeck;Büchner;Georg;m;1836;1836;0;Vormärz;;;;;;;1;;;;;;;;;
2017;Woyzeck;Büchner;Georg;m;1836;1836;0;Vormärz;;;;;;1;;;;;;;;;;
2018;Woyzeck;Büchner;Georg;m;1836;1836;0;Vormärz;;;;;;1;;;;;;;;;;
2019;Woyzeck;Büchner;Georg;m;1836;1836;0;Vormärz;;;;;;;1;;;;;;;;;
2024;Zehn;Potente;Franka;f;2010;2010;0;Gegenwartsliteratur;;;;;;;;;;;;;;;1;
2026;Zehn;Potente;Franka;f;2010;2010;0;Gegenwartsliteratur;;;;;;;;;;;;;;;1;
2013;Ziehende Landschaft;Domin;Hilde;f;1955;1955;0;Trümmerliteratur, Nachkriegsliteratur, Exilliteratur;;;;;;1;;;;;;;;;;
2014;Ziehende Landschaft;Domin;Hilde;f;1955;1955;0;Trümmerliteratur, Nachkriegsliteratur, Exilliteratur;;;;;;1;;;;;;;;;;
